Customer ID,ChurnScore,IsChurned
18286,1.0,1
18285,1.0,1
18284,1.0,1
18268,1.0,1
18267,1.0,1
18266,1.0,1
18264,1.0,1
18258,1.0,1
18256,1.0,1
18254,1.0,1
18253,1.0,1
12377,1.0,1
12376,1.0,1
12373,1.0,1
12369,1.0,1
12368,1.0,1
12366,1.0,1
12365,1.0,1
18250,1.0,1
18248,1.0,1
18247,1.0,1
18244,1.0,1
18243,1.0,1
18239,1.0,1
18238,1.0,1
12396,1.0,1
12392,1.0,1
12389,1.0,1
12387,1.0,1
12386,1.0,1
12385,1.0,1
12383,1.0,1
18234,1.0,1
18233,1.0,1
18231,1.0,1
18227,1.0,1
18224,1.0,1
12411,1.0,1
12410,1.0,1
12404,1.0,1
12402,1.0,1
12401,1.0,1
12400,1.0,1
12399,1.0,1
18220,1.0,1
18218,1.0,1
18214,1.0,1
18213,1.0,1
18212,1.0,1
18208,1.0,1
18207,1.0,1
18206,1.0,1
12424,1.0,1
12419,1.0,1
12416,1.0,1
12414,1.0,1
18202,1.0,1
18201,1.0,1
18200,1.0,1
18199,1.0,1
18197,1.0,1
18195,1.0,1
18193,1.0,1
18191,1.0,1
18187,1.0,1
18186,1.0,1
18185,1.0,1
18183,1.0,1
18182,1.0,1
18176,1.0,1
18175,1.0,1
12443,1.0,1
12441,1.0,1
12439,1.0,1
18166,1.0,1
18163,1.0,1
18162,1.0,1
18159,1.0,1
18157,1.0,1
18153,1.0,1
18152,1.0,1
18148,1.0,1
18146,1.0,1
18143,1.0,1
18141,1.0,1
12460,1.0,1
12459,1.0,1
12453,1.0,1
12450,1.0,1
12447,1.0,1
18140,1.0,1
18138,1.0,1
18137,1.0,1
18134,1.0,1
18133,1.0,1
18132,1.0,1
18131,1.0,1
18129,1.0,1
18128,1.0,1
18124,1.0,1
18120,1.0,1
18119,1.0,1
18115,1.0,1
18114,1.0,1
18113,1.0,1
18111,1.0,1
12470,1.0,1
12469,1.0,1
12468,1.0,1
12467,1.0,1
12466,1.0,1
18108,1.0,1
18107,1.0,1
18106,1.0,1
18103,1.0,1
18100,1.0,1
18099,1.0,1
18098,1.0,1
18095,1.0,1
12493,1.0,1
12489,1.0,1
12487,1.0,1
12486,1.0,1
12485,1.0,1
18091,1.0,1
18090,1.0,1
18089,1.0,1
18086,1.0,1
18085,1.0,1
18083,1.0,1
18078,1.0,1
18076,1.0,1
18074,1.0,1
18071,1.0,1
18070,1.0,1
18068,1.0,1
18064,1.0,1
18063,1.0,1
18062,1.0,1
12509,1.0,1
12507,1.0,1
12506,1.0,1
12505,1.0,1
12503,1.0,1
12501,1.0,1
12499,1.0,1
12495,1.0,1
18060,1.0,1
18056,1.0,1
18054,1.0,1
18051,1.0,1
18050,1.0,1
18049,1.0,1
18048,1.0,1
18047,1.0,1
18046,1.0,1
12525,1.0,1
12521,1.0,1
12515,1.0,1
12514,1.0,1
18039,1.0,1
18038,1.0,1
18032,1.0,1
18031,1.0,1
18029,1.0,1
12537,1.0,1
12535,1.0,1
12534,1.0,1
12533,1.0,1
12529,1.0,1
18028,1.0,1
18027,1.0,1
18026,1.0,1
18025,1.0,1
18021,1.0,1
18020,1.0,1
18012,1.0,1
18011,1.0,1
18010,1.0,1
18009,1.0,1
18007,1.0,1
18004,1.0,1
18003,1.0,1
18002,1.0,1
18000,1.0,1
17998,1.0,1
17996,1.0,1
12555,1.0,1
12554,1.0,1
12551,1.0,1
12549,1.0,1
12547,1.0,1
12543,1.0,1
12542,1.0,1
17995,1.0,1
17993,1.0,1
17992,1.0,1
17991,1.0,1
17990,1.0,1
17989,1.0,1
17983,1.0,1
17982,1.0,1
17981,1.0,1
17980,1.0,1
12573,1.0,1
12570,1.0,1
12568,1.0,1
12565,1.0,1
12564,1.0,1
12563,1.0,1
12561,1.0,1
12559,1.0,1
12582,1.0,1
12580,1.0,1
12575,1.0,1
12574,1.0,1
17976,1.0,1
17972,1.0,1
17971,1.0,1
17970,1.0,1
17969,1.0,1
17967,1.0,1
17963,1.0,1
17959,1.0,1
17956,1.0,1
17955,1.0,1
17953,1.0,1
17952,1.0,1
17948,1.0,1
12605,1.0,1
12595,1.0,1
12593,1.0,1
12591,1.0,1
12590,1.0,1
17946,1.0,1
17945,1.0,1
17944,1.0,1
17939,1.0,1
17938,1.0,1
17933,1.0,1
17927,1.0,1
17926,1.0,1
17923,1.0,1
17922,1.0,1
17918,1.0,1
17916,1.0,1
17915,1.0,1
12616,1.0,1
12614,1.0,1
12608,1.0,1
17912,1.0,1
17910,1.0,1
17909,1.0,1
17908,1.0,1
17907,1.0,1
17906,1.0,1
17903,1.0,1
17902,1.0,1
17900,1.0,1
17893,1.0,1
17891,1.0,1
17890,1.0,1
17889,1.0,1
17887,1.0,1
12636,1.0,1
12634,1.0,1
12632,1.0,1
12629,1.0,1
12624,1.0,1
12623,1.0,1
12622,1.0,1
17882,1.0,1
17881,1.0,1
17880,1.0,1
17877,1.0,1
17876,1.0,1
17875,1.0,1
17874,1.0,1
17872,1.0,1
17869,1.0,1
17868,1.0,1
12652,1.0,1
12651,1.0,1
12641,1.0,1
17862,1.0,1
17860,1.0,1
17859,1.0,1
17855,1.0,1
17853,1.0,1
17851,1.0,1
17849,1.0,1
17847,1.0,1
17845,1.0,1
17843,1.0,1
17842,1.0,1
17840,1.0,1
12666,1.0,1
12665,1.0,1
12663,1.0,1
12661,1.0,1
12655,1.0,1
17834,1.0,1
17833,1.0,1
17829,1.0,1
17826,1.0,1
17825,1.0,1
17823,1.0,1
17822,1.0,1
17821,1.0,1
17820,1.0,1
12677,1.0,1
12675,1.0,1
12672,1.0,1
12671,1.0,1
17818,1.0,1
17815,1.0,1
17814,1.0,1
17810,1.0,1
17808,1.0,1
17807,1.0,1
17804,1.0,1
17803,1.0,1
17801,1.0,1
17798,1.0,1
17792,1.0,1
17789,1.0,1
12699,1.0,1
12698,1.0,1
12696,1.0,1
12693,1.0,1
12692,1.0,1
12690,1.0,1
12687,1.0,1
12686,1.0,1
17784,1.0,1
17782,1.0,1
17781,1.0,1
17780,1.0,1
17778,1.0,1
17776,1.0,1
17775,1.0,1
17773,1.0,1
12711,1.0,1
12707,1.0,1
17766,1.0,1
17765,1.0,1
17762,1.0,1
17756,1.0,1
17753,1.0,1
17752,1.0,1
17751,1.0,1
17748,1.0,1
17747,1.0,1
17746,1.0,1
17745,1.0,1
17743,1.0,1
17741,1.0,1
17740,1.0,1
12734,1.0,1
12733,1.0,1
12730,1.0,1
12725,1.0,1
17732,1.0,1
17729,1.0,1
17726,1.0,1
17721,1.0,1
17718,1.0,1
17717,1.0,1
17714,1.0,1
17713,1.0,1
17710,1.0,1
17709,1.0,1
17708,1.0,1
12746,1.0,1
12745,1.0,1
12743,1.0,1
12742,1.0,1
12741,1.0,1
12738,1.0,1
12737,1.0,1
12736,1.0,1
12735,1.0,1
17704,1.0,1
17701,1.0,1
17699,1.0,1
17698,1.0,1
17697,1.0,1
17695,1.0,1
17691,1.0,1
12765,1.0,1
12764,1.0,1
12761,1.0,1
12760,1.0,1
12754,1.0,1
12751,1.0,1
17689,1.0,1
17688,1.0,1
17687,1.0,1
17681,1.0,1
17678,1.0,1
17670,1.0,1
17665,1.0,1
17662,1.0,1
17657,1.0,1
12780,1.0,1
12777,1.0,1
12776,1.0,1
12773,1.0,1
12771,1.0,1
12770,1.0,1
12769,1.0,1
12768,1.0,1
12767,1.0,1
17654,1.0,1
17646,1.0,1
17643,1.0,1
17639,1.0,1
17638,1.0,1
17635,1.0,1
17630,1.0,1
17627,1.0,1
17626,1.0,1
17622,1.0,1
12797,1.0,1
12796,1.0,1
12793,1.0,1
12792,1.0,1
12791,1.0,1
12790,1.0,1
12788,1.0,1
12786,1.0,1
12785,1.0,1
17619,1.0,1
17617,1.0,1
17615,1.0,1
17607,1.0,1
17606,1.0,1
12813,1.0,1
12811,1.0,1
12810,1.0,1
12807,1.0,1
12806,1.0,1
12805,1.0,1
12804,1.0,1
12803,1.0,1
12802,1.0,1
12801,1.0,1
12800,1.0,1
12799,1.0,1
17605,1.0,1
17604,1.0,1
17601,1.0,1
17599,1.0,1
17598,1.0,1
17592,1.0,1
12829,1.0,1
12825,1.0,1
12821,1.0,1
12819,1.0,1
12818,1.0,1
12817,1.0,1
12816,1.0,1
12815,1.0,1
17588,1.0,1
17587,1.0,1
17586,1.0,1
17583,1.0,1
17582,1.0,1
17580,1.0,1
17578,1.0,1
17577,1.0,1
17575,1.0,1
17574,1.0,1
12846,1.0,1
12845,1.0,1
12835,1.0,1
12834,1.0,1
12833,1.0,1
12831,1.0,1
17570,1.0,1
17569,1.0,1
17568,1.0,1
17565,1.0,1
17563,1.0,1
17560,1.0,1
17559,1.0,1
17558,1.0,1
12862,1.0,1
12861,1.0,1
12860,1.0,1
12859,1.0,1
12858,1.0,1
12857,1.0,1
12853,1.0,1
12852,1.0,1
12850,1.0,1
12848,1.0,1
17556,1.0,1
17551,1.0,1
17550,1.0,1
17544,1.0,1
17543,1.0,1
12878,1.0,1
12875,1.0,1
12874,1.0,1
12873,1.0,1
12870,1.0,1
12869,1.0,1
12866,1.0,1
17539,1.0,1
17536,1.0,1
17535,1.0,1
17533,1.0,1
17532,1.0,1
17529,1.0,1
17525,1.0,1
12894,1.0,1
12892,1.0,1
12889,1.0,1
12888,1.0,1
12887,1.0,1
12881,1.0,1
12880,1.0,1
17524,1.0,1
17518,1.0,1
17517,1.0,1
17508,1.0,1
17507,1.0,1
17504,1.0,1
17501,1.0,1
17499,1.0,1
17497,1.0,1
17496,1.0,1
17494,1.0,1
17493,1.0,1
12911,1.0,1
12907,1.0,1
12905,1.0,1
12903,1.0,1
12902,1.0,1
12900,1.0,1
12899,1.0,1
12897,1.0,1
17492,1.0,1
17488,1.0,1
17487,1.0,1
17486,1.0,1
17484,1.0,1
17482,1.0,1
17479,1.0,1
17478,1.0,1
17477,1.0,1
17476,1.0,1
12927,1.0,1
12926,1.0,1
12922,1.0,1
12915,1.0,1
12914,1.0,1
17474,1.0,1
17473,1.0,1
17471,1.0,1
17467,1.0,1
17465,1.0,1
17464,1.0,1
12943,1.0,1
12942,1.0,1
12941,1.0,1
12934,1.0,1
12932,1.0,1
17456,1.0,1
17455,1.0,1
17443,1.0,1
17441,1.0,1
17438,1.0,1
17437,1.0,1
17435,1.0,1
17431,1.0,1
17417,1.0,1
17413,1.0,1
17407,1.0,1
17406,1.0,1
17401,1.0,1
17398,1.0,1
17394,1.0,1
17393,1.0,1
17392,1.0,1
12959,1.0,1
12958,1.0,1
12954,1.0,1
12946,1.0,1
12945,1.0,1
17390,1.0,1
17380,1.0,1
17378,1.0,1
17375,1.0,1
17374,1.0,1
17369,1.0,1
17367,1.0,1
17366,1.0,1
17363,1.0,1
17362,1.0,1
12975,1.0,1
12974,1.0,1
12973,1.0,1
12972,1.0,1
12969,1.0,1
12968,1.0,1
12967,1.0,1
12964,1.0,1
12961,1.0,1
12960,1.0,1
17358,1.0,1
17356,1.0,1
17355,1.0,1
12988,1.0,1
12986,1.0,1
12983,1.0,1
12979,1.0,1
12978,1.0,1
12977,1.0,1
12976,1.0,1
17343,1.0,1
17342,1.0,1
17336,1.0,1
17335,1.0,1
17334,1.0,1
17332,1.0,1
17328,1.0,1
13007,1.0,1
13002,1.0,1
12999,1.0,1
12998,1.0,1
12996,1.0,1
12992,1.0,1
17327,1.0,1
17326,1.0,1
17325,1.0,1
17322,1.0,1
17319,1.0,1
17318,1.0,1
17316,1.0,1
17312,1.0,1
17308,1.0,1
17307,1.0,1
17305,1.0,1
17304,1.0,1
17303,1.0,1
17300,1.0,1
17298,1.0,1
17296,1.0,1
13022,1.0,1
13019,1.0,1
13011,1.0,1
13010,1.0,1
13009,1.0,1
13008,1.0,1
17294,1.0,1
17292,1.0,1
17291,1.0,1
17285,1.0,1
17283,1.0,1
17281,1.0,1
17280,1.0,1
13039,1.0,1
13036,1.0,1
13033,1.0,1
13025,1.0,1
13024,1.0,1
17278,1.0,1
17277,1.0,1
17276,1.0,1
17275,1.0,1
17273,1.0,1
17271,1.0,1
17270,1.0,1
17269,1.0,1
17264,1.0,1
13056,1.0,1
13053,1.0,1
13052,1.0,1
13051,1.0,1
13044,1.0,1
13043,1.0,1
13042,1.0,1
13041,1.0,1
17261,1.0,1
17260,1.0,1
17257,1.0,1
17249,1.0,1
17246,1.0,1
17245,1.0,1
17241,1.0,1
17239,1.0,1
17234,1.0,1
13072,1.0,1
13071,1.0,1
13070,1.0,1
13065,1.0,1
13063,1.0,1
13062,1.0,1
13060,1.0,1
13059,1.0,1
13057,1.0,1
17226,1.0,1
17225,1.0,1
17224,1.0,1
17223,1.0,1
17216,1.0,1
13088,1.0,1
13087,1.0,1
13086,1.0,1
13085,1.0,1
13084,1.0,1
13076,1.0,1
13075,1.0,1
13074,1.0,1
13073,1.0,1
17215,1.0,1
17212,1.0,1
17210,1.0,1
17209,1.0,1
17208,1.0,1
17207,1.0,1
17202,1.0,1
17200,1.0,1
13105,1.0,1
13101,1.0,1
13096,1.0,1
13093,1.0,1
17199,1.0,1
17196,1.0,1
17195,1.0,1
17194,1.0,1
17192,1.0,1
17187,1.0,1
17185,1.0,1
17184,1.0,1
17182,1.0,1
17178,1.0,1
17177,1.0,1
17176,1.0,1
17174,1.0,1
17171,1.0,1
17170,1.0,1
17168,1.0,1
13121,1.0,1
13120,1.0,1
13119,1.0,1
13116,1.0,1
13114,1.0,1
13112,1.0,1
13111,1.0,1
13108,1.0,1
17167,1.0,1
17165,1.0,1
17161,1.0,1
17156,1.0,1
17152,1.0,1
13135,1.0,1
13129,1.0,1
13128,1.0,1
13123,1.0,1
17151,1.0,1
17150,1.0,1
17149,1.0,1
17145,1.0,1
17143,1.0,1
17142,1.0,1
17141,1.0,1
17140,1.0,1
17138,1.0,1
17136,1.0,1
13152,1.0,1
13150,1.0,1
13144,1.0,1
13143,1.0,1
17132,1.0,1
17129,1.0,1
17128,1.0,1
17124,1.0,1
17123,1.0,1
17122,1.0,1
17121,1.0,1
17120,1.0,1
17118,1.0,1
17117,1.0,1
17116,1.0,1
17113,1.0,1
17112,1.0,1
17108,1.0,1
17106,1.0,1
17105,1.0,1
17104,1.0,1
17103,1.0,1
13166,1.0,1
13164,1.0,1
13163,1.0,1
13161,1.0,1
13156,1.0,1
13154,1.0,1
17102,1.0,1
17099,1.0,1
17098,1.0,1
17094,1.0,1
17093,1.0,1
17089,1.0,1
17087,1.0,1
13185,1.0,1
13181,1.0,1
13180,1.0,1
13179,1.0,1
13172,1.0,1
17077,1.0,1
17074,1.0,1
17072,1.0,1
17067,1.0,1
17066,1.0,1
17065,1.0,1
17062,1.0,1
17060,1.0,1
17057,1.0,1
17056,1.0,1
17055,1.0,1
13201,1.0,1
13197,1.0,1
13195,1.0,1
13194,1.0,1
13191,1.0,1
13190,1.0,1
17053,1.0,1
17051,1.0,1
17040,1.0,1
17039,1.0,1
17036,1.0,1
17035,1.0,1
17032,1.0,1
17028,1.0,1
17023,1.0,1
13216,1.0,1
13215,1.0,1
13206,1.0,1
13204,1.0,1
13202,1.0,1
17020,1.0,1
17016,1.0,1
17012,1.0,1
17009,1.0,1
17008,1.0,1
17005,1.0,1
17003,1.0,1
17000,1.0,1
16997,1.0,1
16993,1.0,1
16991,1.0,1
16990,1.0,1
13234,1.0,1
13229,1.0,1
13227,1.0,1
13226,1.0,1
13223,1.0,1
13222,1.0,1
13221,1.0,1
13219,1.0,1
16980,1.0,1
16977,1.0,1
16976,1.0,1
16974,1.0,1
16973,1.0,1
16972,1.0,1
13250,1.0,1
13243,1.0,1
13242,1.0,1
13241,1.0,1
13239,1.0,1
13237,1.0,1
13235,1.0,1
16970,1.0,1
16967,1.0,1
16965,1.0,1
16964,1.0,1
16962,1.0,1
16961,1.0,1
16958,1.0,1
16957,1.0,1
16955,1.0,1
13264,1.0,1
13262,1.0,1
13261,1.0,1
13257,1.0,1
13254,1.0,1
13252,1.0,1
13251,1.0,1
16948,1.0,1
16946,1.0,1
16944,1.0,1
16943,1.0,1
16941,1.0,1
16939,1.0,1
16937,1.0,1
16935,1.0,1
16926,1.0,1
16925,1.0,1
13281,1.0,1
13275,1.0,1
13274,1.0,1
13270,1.0,1
16920,1.0,1
16917,1.0,1
16913,1.0,1
16911,1.0,1
16908,1.0,1
16902,1.0,1
16901,1.0,1
16897,1.0,1
16896,1.0,1
16890,1.0,1
16889,1.0,1
16888,1.0,1
16886,1.0,1
16883,1.0,1
16876,1.0,1
16874,1.0,1
13299,1.0,1
13296,1.0,1
13295,1.0,1
13294,1.0,1
13293,1.0,1
13291,1.0,1
13290,1.0,1
13289,1.0,1
13288,1.0,1
13287,1.0,1
13286,1.0,1
13284,1.0,1
13315,1.0,1
13312,1.0,1
13307,1.0,1
13306,1.0,1
13304,1.0,1
13303,1.0,1
13302,1.0,1
13301,1.0,1
16870,1.0,1
16868,1.0,1
16867,1.0,1
16866,1.0,1
16865,1.0,1
16864,1.0,1
16860,1.0,1
16858,1.0,1
13331,1.0,1
13328,1.0,1
13326,1.0,1
16857,1.0,1
16854,1.0,1
16850,1.0,1
16849,1.0,1
16845,1.0,1
16844,1.0,1
16842,1.0,1
16840,1.0,1
16838,1.0,1
16835,1.0,1
16832,1.0,1
16829,1.0,1
16827,1.0,1
13345,1.0,1
13341,1.0,1
13339,1.0,1
13338,1.0,1
13337,1.0,1
13333,1.0,1
16823,1.0,1
16822,1.0,1
16821,1.0,1
16819,1.0,1
16815,1.0,1
16812,1.0,1
16810,1.0,1
16807,1.0,1
16806,1.0,1
16805,1.0,1
16802,1.0,1
16801,1.0,1
16798,1.0,1
13361,1.0,1
13360,1.0,1
13358,1.0,1
16787,1.0,1
16786,1.0,1
16785,1.0,1
16783,1.0,1
16781,1.0,1
16772,1.0,1
16766,1.0,1
16765,1.0,1
13383,1.0,1
13380,1.0,1
13377,1.0,1
13376,1.0,1
13374,1.0,1
13371,1.0,1
13370,1.0,1
13369,1.0,1
13368,1.0,1
13367,1.0,1
16760,1.0,1
16757,1.0,1
16756,1.0,1
16754,1.0,1
16752,1.0,1
16749,1.0,1
13399,1.0,1
13398,1.0,1
13395,1.0,1
13393,1.0,1
13392,1.0,1
13391,1.0,1
13388,1.0,1
13387,1.0,1
13386,1.0,1
13385,1.0,1
16741,1.0,1
16740,1.0,1
16738,1.0,1
16736,1.0,1
16733,1.0,1
16731,1.0,1
13415,1.0,1
13414,1.0,1
13413,1.0,1
13412,1.0,1
13407,1.0,1
13406,1.0,1
13402,1.0,1
13400,1.0,1
16724,1.0,1
16721,1.0,1
16718,1.0,1
16714,1.0,1
16707,1.0,1
16704,1.0,1
16702,1.0,1
16698,1.0,1
16697,1.0,1
16696,1.0,1
13433,1.0,1
13432,1.0,1
13425,1.0,1
13424,1.0,1
13423,1.0,1
13420,1.0,1
16695,1.0,1
16692,1.0,1
16691,1.0,1
16687,1.0,1
16683,1.0,1
16679,1.0,1
16677,1.0,1
16675,1.0,1
16673,1.0,1
16665,1.0,1
16664,1.0,1
13446,1.0,1
13445,1.0,1
13444,1.0,1
13443,1.0,1
13442,1.0,1
13439,1.0,1
13438,1.0,1
16663,1.0,1
16662,1.0,1
16661,1.0,1
16658,1.0,1
16654,1.0,1
16651,1.0,1
16649,1.0,1
13465,1.0,1
13459,1.0,1
13457,1.0,1
13454,1.0,1
13452,1.0,1
16647,1.0,1
16646,1.0,1
16645,1.0,1
16644,1.0,1
16643,1.0,1
16640,1.0,1
16636,1.0,1
16635,1.0,1
16634,1.0,1
16632,1.0,1
13480,1.0,1
13479,1.0,1
13478,1.0,1
13475,1.0,1
13474,1.0,1
13472,1.0,1
13470,1.0,1
13469,1.0,1
16631,1.0,1
16630,1.0,1
16625,1.0,1
16623,1.0,1
16622,1.0,1
16619,1.0,1
16617,1.0,1
16615,1.0,1
16614,1.0,1
16611,1.0,1
16606,1.0,1
16605,1.0,1
16604,1.0,1
13498,1.0,1
13497,1.0,1
13494,1.0,1
13492,1.0,1
13490,1.0,1
13489,1.0,1
13485,1.0,1
13484,1.0,1
16599,1.0,1
16598,1.0,1
16590,1.0,1
16588,1.0,1
16587,1.0,1
16586,1.0,1
13513,1.0,1
13512,1.0,1
13511,1.0,1
13508,1.0,1
13506,1.0,1
13501,1.0,1
16583,1.0,1
16579,1.0,1
16578,1.0,1
16577,1.0,1
16576,1.0,1
16572,1.0,1
16568,1.0,1
16567,1.0,1
13530,1.0,1
13526,1.0,1
16565,1.0,1
16564,1.0,1
16559,1.0,1
16552,1.0,1
16547,1.0,1
16546,1.0,1
16544,1.0,1
16543,1.0,1
16541,1.0,1
16540,1.0,1
16538,1.0,1
16537,1.0,1
16536,1.0,1
16534,1.0,1
13547,1.0,1
13545,1.0,1
13543,1.0,1
13541,1.0,1
13540,1.0,1
13537,1.0,1
13535,1.0,1
16530,1.0,1
16529,1.0,1
16526,1.0,1
16524,1.0,1
16522,1.0,1
16517,1.0,1
16510,1.0,1
16509,1.0,1
16508,1.0,1
16507,1.0,1
16502,1.0,1
16501,1.0,1
13561,1.0,1
13556,1.0,1
13554,1.0,1
13553,1.0,1
13551,1.0,1
13550,1.0,1
16499,1.0,1
16498,1.0,1
16494,1.0,1
16492,1.0,1
16490,1.0,1
16489,1.0,1
16487,1.0,1
16486,1.0,1
16484,1.0,1
13578,1.0,1
13574,1.0,1
13572,1.0,1
13570,1.0,1
16483,1.0,1
16481,1.0,1
16476,1.0,1
16473,1.0,1
16472,1.0,1
16471,1.0,1
16467,1.0,1
16465,1.0,1
16459,1.0,1
16457,1.0,1
16453,1.0,1
16452,1.0,1
13595,1.0,1
13593,1.0,1
13586,1.0,1
13585,1.0,1
13582,1.0,1
13580,1.0,1
16449,1.0,1
16448,1.0,1
16443,1.0,1
16439,1.0,1
16437,1.0,1
16436,1.0,1
16435,1.0,1
16431,1.0,1
16428,1.0,1
16427,1.0,1
16425,1.0,1
16424,1.0,1
16421,1.0,1
13609,1.0,1
13608,1.0,1
13605,1.0,1
13604,1.0,1
13600,1.0,1
13597,1.0,1
16419,1.0,1
16417,1.0,1
16410,1.0,1
16408,1.0,1
16405,1.0,1
13625,1.0,1
13624,1.0,1
13622,1.0,1
13620,1.0,1
13619,1.0,1
13613,1.0,1
13612,1.0,1
16403,1.0,1
16402,1.0,1
16397,1.0,1
16396,1.0,1
16391,1.0,1
16390,1.0,1
16388,1.0,1
16387,1.0,1
16382,1.0,1
16381,1.0,1
16378,1.0,1
16375,1.0,1
16373,1.0,1
13642,1.0,1
13641,1.0,1
13640,1.0,1
13628,1.0,1
16371,1.0,1
16356,1.0,1
16355,1.0,1
16351,1.0,1
16349,1.0,1
16346,1.0,1
16344,1.0,1
13660,1.0,1
13659,1.0,1
13656,1.0,1
13655,1.0,1
13653,1.0,1
13649,1.0,1
13648,1.0,1
13646,1.0,1
13645,1.0,1
16339,1.0,1
16338,1.0,1
16336,1.0,1
16334,1.0,1
16331,1.0,1
16329,1.0,1
16328,1.0,1
13677,1.0,1
13676,1.0,1
13675,1.0,1
13674,1.0,1
13672,1.0,1
13671,1.0,1
13665,1.0,1
13661,1.0,1
16319,1.0,1
16315,1.0,1
16312,1.0,1
16310,1.0,1
16307,1.0,1
16306,1.0,1
16304,1.0,1
16302,1.0,1
16301,1.0,1
16300,1.0,1
16299,1.0,1
16297,1.0,1
16296,1.0,1
16294,1.0,1
16292,1.0,1
13693,1.0,1
13691,1.0,1
13688,1.0,1
13686,1.0,1
13684,1.0,1
13683,1.0,1
13679,1.0,1
16291,1.0,1
16290,1.0,1
16289,1.0,1
16288,1.0,1
16287,1.0,1
16286,1.0,1
16285,1.0,1
16282,1.0,1
16280,1.0,1
16278,1.0,1
16277,1.0,1
13707,1.0,1
13706,1.0,1
13703,1.0,1
13702,1.0,1
13701,1.0,1
13696,1.0,1
16273,1.0,1
16272,1.0,1
16270,1.0,1
16269,1.0,1
16267,1.0,1
16264,1.0,1
16263,1.0,1
16262,1.0,1
13724,1.0,1
13718,1.0,1
13716,1.0,1
13715,1.0,1
13714,1.0,1
13713,1.0,1
13712,1.0,1
13711,1.0,1
16257,1.0,1
16256,1.0,1
16254,1.0,1
16252,1.0,1
16251,1.0,1
16250,1.0,1
13740,1.0,1
13738,1.0,1
13737,1.0,1
13734,1.0,1
13733,1.0,1
13731,1.0,1
13730,1.0,1
13729,1.0,1
16238,1.0,1
16237,1.0,1
16234,1.0,1
16231,1.0,1
16230,1.0,1
16228,1.0,1
13757,1.0,1
13753,1.0,1
13752,1.0,1
13751,1.0,1
13747,1.0,1
13746,1.0,1
13744,1.0,1
16227,1.0,1
16223,1.0,1
16219,1.0,1
16217,1.0,1
16216,1.0,1
16214,1.0,1
13773,1.0,1
13770,1.0,1
13768,1.0,1
13766,1.0,1
13765,1.0,1
13762,1.0,1
16202,1.0,1
16199,1.0,1
16197,1.0,1
16196,1.0,1
16195,1.0,1
16194,1.0,1
16193,1.0,1
16192,1.0,1
16178,1.0,1
16176,1.0,1
16175,1.0,1
16174,1.0,1
16167,1.0,1
16166,1.0,1
16165,1.0,1
16163,1.0,1
13789,1.0,1
13788,1.0,1
13786,1.0,1
13785,1.0,1
13783,1.0,1
13781,1.0,1
13779,1.0,1
13778,1.0,1
13776,1.0,1
13775,1.0,1
13803,1.0,1
13800,1.0,1
13797,1.0,1
13796,1.0,1
13795,1.0,1
13794,1.0,1
13793,1.0,1
16162,1.0,1
16158,1.0,1
16155,1.0,1
16148,1.0,1
16144,1.0,1
16142,1.0,1
16138,1.0,1
16137,1.0,1
16135,1.0,1
16132,1.0,1
16130,1.0,1
16129,1.0,1
13820,1.0,1
13818,1.0,1
13809,1.0,1
13807,1.0,1
16125,1.0,1
16124,1.0,1
16117,1.0,1
16116,1.0,1
16114,1.0,1
16113,1.0,1
16111,1.0,1
16109,1.0,1
16105,1.0,1
16100,1.0,1
16097,1.0,1
13837,1.0,1
13834,1.0,1
13830,1.0,1
13829,1.0,1
13826,1.0,1
13825,1.0,1
16096,1.0,1
16095,1.0,1
16092,1.0,1
16091,1.0,1
16090,1.0,1
16089,1.0,1
16088,1.0,1
16087,1.0,1
16084,1.0,1
16083,1.0,1
16082,1.0,1
13852,1.0,1
13847,1.0,1
13843,1.0,1
13841,1.0,1
13840,1.0,1
13839,1.0,1
16078,1.0,1
16077,1.0,1
16075,1.0,1
16074,1.0,1
16073,1.0,1
16069,1.0,1
16068,1.0,1
16067,1.0,1
13864,1.0,1
13863,1.0,1
13861,1.0,1
13859,1.0,1
13857,1.0,1
13856,1.0,1
13855,1.0,1
16064,1.0,1
16060,1.0,1
16058,1.0,1
16055,1.0,1
16048,1.0,1
16047,1.0,1
16046,1.0,1
16044,1.0,1
16039,1.0,1
16037,1.0,1
16035,1.0,1
16034,1.0,1
13879,1.0,1
13874,1.0,1
13873,1.0,1
13872,1.0,1
16028,1.0,1
16022,1.0,1
16021,1.0,1
16010,1.0,1
16006,1.0,1
16004,1.0,1
16002,1.0,1
16001,1.0,1
13902,1.0,1
13900,1.0,1
13896,1.0,1
13893,1.0,1
13891,1.0,1
13889,1.0,1
13888,1.0,1
13887,1.0,1
15999,1.0,1
15995,1.0,1
15991,1.0,1
15989,1.0,1
15985,1.0,1
15982,1.0,1
15979,1.0,1
15976,1.0,1
15973,1.0,1
15972,1.0,1
15970,1.0,1
15968,1.0,1
13916,1.0,1
13913,1.0,1
13912,1.0,1
13909,1.0,1
13907,1.0,1
13906,1.0,1
13905,1.0,1
13903,1.0,1
15966,1.0,1
15964,1.0,1
15962,1.0,1
15961,1.0,1
15959,1.0,1
15956,1.0,1
15954,1.0,1
13935,1.0,1
13934,1.0,1
13933,1.0,1
13932,1.0,1
13922,1.0,1
13921,1.0,1
13920,1.0,1
15946,1.0,1
15945,1.0,1
15944,1.0,1
15943,1.0,1
15941,1.0,1
15940,1.0,1
15938,1.0,1
15936,1.0,1
13951,1.0,1
13945,1.0,1
13943,1.0,1
13942,1.0,1
15935,1.0,1
15934,1.0,1
15931,1.0,1
15929,1.0,1
15928,1.0,1
15927,1.0,1
15925,1.0,1
15924,1.0,1
15923,1.0,1
15922,1.0,1
15921,1.0,1
15920,1.0,1
13966,1.0,1
13965,1.0,1
13964,1.0,1
13963,1.0,1
13961,1.0,1
13957,1.0,1
13955,1.0,1
15915,1.0,1
15914,1.0,1
15913,1.0,1
15912,1.0,1
15908,1.0,1
15905,1.0,1
15902,1.0,1
15899,1.0,1
15897,1.0,1
15895,1.0,1
15894,1.0,1
15893,1.0,1
15892,1.0,1
15891,1.0,1
15890,1.0,1
15887,1.0,1
13981,1.0,1
13977,1.0,1
13976,1.0,1
13973,1.0,1
13970,1.0,1
13968,1.0,1
15884,1.0,1
15882,1.0,1
15881,1.0,1
15880,1.0,1
15878,1.0,1
15876,1.0,1
15875,1.0,1
15873,1.0,1
13998,1.0,1
13997,1.0,1
13996,1.0,1
13990,1.0,1
13987,1.0,1
15868,1.0,1
15866,1.0,1
15859,1.0,1
15855,1.0,1
14012,1.0,1
14011,1.0,1
14010,1.0,1
14009,1.0,1
14008,1.0,1
14007,1.0,1
14006,1.0,1
14003,1.0,1
14002,1.0,1
15852,1.0,1
15851,1.0,1
15848,1.0,1
15846,1.0,1
15843,1.0,1
15842,1.0,1
15832,1.0,1
15828,1.0,1
15824,1.0,1
15823,1.0,1
14028,1.0,1
14026,1.0,1
14025,1.0,1
14022,1.0,1
14021,1.0,1
14018,1.0,1
14017,1.0,1
15820,1.0,1
15818,1.0,1
15817,1.0,1
15816,1.0,1
15813,1.0,1
15798,1.0,1
15797,1.0,1
15795,1.0,1
15794,1.0,1
15792,1.0,1
14046,1.0,1
14043,1.0,1
14042,1.0,1
14041,1.0,1
14036,1.0,1
14033,1.0,1
15789,1.0,1
15788,1.0,1
15779,1.0,1
15778,1.0,1
15777,1.0,1
15775,1.0,1
14063,1.0,1
14061,1.0,1
14059,1.0,1
14058,1.0,1
14048,1.0,1
15772,1.0,1
15771,1.0,1
15770,1.0,1
15765,1.0,1
15761,1.0,1
15760,1.0,1
15753,1.0,1
15751,1.0,1
15749,1.0,1
15742,1.0,1
15741,1.0,1
14078,1.0,1
14074,1.0,1
14072,1.0,1
14070,1.0,1
14069,1.0,1
14068,1.0,1
14066,1.0,1
14065,1.0,1
15736,1.0,1
15735,1.0,1
15734,1.0,1
15733,1.0,1
15731,1.0,1
15729,1.0,1
15728,1.0,1
15726,1.0,1
14095,1.0,1
14094,1.0,1
14091,1.0,1
14090,1.0,1
14086,1.0,1
14084,1.0,1
14082,1.0,1
15724,1.0,1
15723,1.0,1
15718,1.0,1
15717,1.0,1
15715,1.0,1
15711,1.0,1
15710,1.0,1
15709,1.0,1
15705,1.0,1
15703,1.0,1
15702,1.0,1
15698,1.0,1
15697,1.0,1
15695,1.0,1
15693,1.0,1
14106,1.0,1
14105,1.0,1
14100,1.0,1
14097,1.0,1
15691,1.0,1
15688,1.0,1
15686,1.0,1
15685,1.0,1
15684,1.0,1
15683,1.0,1
15682,1.0,1
14123,1.0,1
14122,1.0,1
14119,1.0,1
14118,1.0,1
14115,1.0,1
14114,1.0,1
15672,1.0,1
15668,1.0,1
15666,1.0,1
15662,1.0,1
15661,1.0,1
15658,1.0,1
15655,1.0,1
15650,1.0,1
15649,1.0,1
15648,1.0,1
15647,1.0,1
15646,1.0,1
14144,1.0,1
14137,1.0,1
14136,1.0,1
14134,1.0,1
14131,1.0,1
15643,1.0,1
15639,1.0,1
15638,1.0,1
15633,1.0,1
15631,1.0,1
15629,1.0,1
15627,1.0,1
15625,1.0,1
15624,1.0,1
15617,1.0,1
15616,1.0,1
15614,1.0,1
15613,1.0,1
14161,1.0,1
14160,1.0,1
14155,1.0,1
14154,1.0,1
14153,1.0,1
14151,1.0,1
14149,1.0,1
14148,1.0,1
15609,1.0,1
15607,1.0,1
15600,1.0,1
14176,1.0,1
14170,1.0,1
14169,1.0,1
14168,1.0,1
14166,1.0,1
14165,1.0,1
14162,1.0,1
15596,1.0,1
15591,1.0,1
15589,1.0,1
15586,1.0,1
15585,1.0,1
15583,1.0,1
15580,1.0,1
15578,1.0,1
15575,1.0,1
15566,1.0,1
14192,1.0,1
14190,1.0,1
14187,1.0,1
14186,1.0,1
14185,1.0,1
14182,1.0,1
14181,1.0,1
15564,1.0,1
15562,1.0,1
15560,1.0,1
15559,1.0,1
15558,1.0,1
15554,1.0,1
15552,1.0,1
15548,1.0,1
15546,1.0,1
15543,1.0,1
15542,1.0,1
15538,1.0,1
15537,1.0,1
15536,1.0,1
15534,1.0,1
14207,1.0,1
14206,1.0,1
14203,1.0,1
14202,1.0,1
14200,1.0,1
14199,1.0,1
14197,1.0,1
14195,1.0,1
15528,1.0,1
15519,1.0,1
15517,1.0,1
14225,1.0,1
14224,1.0,1
14222,1.0,1
14220,1.0,1
14213,1.0,1
15515,1.0,1
15512,1.0,1
15510,1.0,1
15509,1.0,1
15507,1.0,1
15501,1.0,1
15499,1.0,1
15496,1.0,1
15495,1.0,1
15490,1.0,1
15487,1.0,1
15486,1.0,1
14238,1.0,1
14237,1.0,1
14231,1.0,1
14230,1.0,1
14228,1.0,1
15481,1.0,1
15479,1.0,1
15474,1.0,1
15470,1.0,1
15464,1.0,1
15461,1.0,1
15460,1.0,1
15459,1.0,1
15457,1.0,1
15456,1.0,1
15455,1.0,1
14256,1.0,1
14255,1.0,1
14254,1.0,1
14253,1.0,1
14252,1.0,1
14249,1.0,1
14248,1.0,1
14247,1.0,1
14246,1.0,1
14244,1.0,1
14242,1.0,1
15451,1.0,1
15448,1.0,1
15447,1.0,1
15445,1.0,1
15442,1.0,1
15441,1.0,1
15439,1.0,1
15438,1.0,1
14271,1.0,1
14270,1.0,1
14269,1.0,1
14268,1.0,1
14267,1.0,1
14266,1.0,1
14264,1.0,1
14263,1.0,1
14260,1.0,1
14259,1.0,1
14288,1.0,1
14283,1.0,1
14281,1.0,1
14280,1.0,1
14279,1.0,1
14278,1.0,1
14275,1.0,1
14274,1.0,1
15433,1.0,1
15431,1.0,1
15430,1.0,1
15425,1.0,1
15424,1.0,1
15420,1.0,1
15418,1.0,1
15415,1.0,1
15413,1.0,1
15412,1.0,1
15409,1.0,1
15408,1.0,1
15405,1.0,1
14303,1.0,1
14302,1.0,1
14296,1.0,1
14294,1.0,1
15404,1.0,1
15403,1.0,1
15397,1.0,1
15395,1.0,1
15391,1.0,1
15390,1.0,1
15388,1.0,1
15387,1.0,1
15378,1.0,1
15377,1.0,1
15375,1.0,1
14322,1.0,1
14320,1.0,1
14319,1.0,1
14318,1.0,1
14316,1.0,1
14314,1.0,1
14311,1.0,1
14310,1.0,1
14308,1.0,1
15371,1.0,1
15369,1.0,1
15363,1.0,1
15362,1.0,1
15361,1.0,1
14331,1.0,1
14330,1.0,1
14328,1.0,1
14326,1.0,1
14325,1.0,1
14324,1.0,1
14323,1.0,1
15354,1.0,1
15353,1.0,1
15352,1.0,1
15350,1.0,1
15349,1.0,1
15347,1.0,1
15346,1.0,1
15342,1.0,1
15340,1.0,1
14355,1.0,1
14352,1.0,1
14351,1.0,1
14350,1.0,1
14348,1.0,1
14347,1.0,1
14343,1.0,1
14340,1.0,1
15338,1.0,1
15337,1.0,1
15336,1.0,1
15333,1.0,1
15332,1.0,1
15331,1.0,1
15328,1.0,1
15326,1.0,1
15324,1.0,1
15323,1.0,1
14371,1.0,1
14370,1.0,1
14369,1.0,1
14368,1.0,1
14366,1.0,1
14365,1.0,1
14364,1.0,1
14363,1.0,1
14361,1.0,1
14358,1.0,1
15319,1.0,1
15317,1.0,1
15316,1.0,1
15314,1.0,1
15313,1.0,1
15310,1.0,1
15309,1.0,1
15308,1.0,1
14386,1.0,1
14384,1.0,1
14380,1.0,1
14378,1.0,1
14377,1.0,1
14376,1.0,1
14375,1.0,1
14374,1.0,1
14373,1.0,1
14372,1.0,1
14403,1.0,1
14402,1.0,1
14399,1.0,1
14398,1.0,1
14394,1.0,1
14393,1.0,1
14392,1.0,1
14391,1.0,1
15305,1.0,1
15303,1.0,1
15302,1.0,1
15295,1.0,1
15294,1.0,1
15293,1.0,1
15292,1.0,1
15285,1.0,1
15284,1.0,1
15283,1.0,1
15282,1.0,1
15279,1.0,1
15278,1.0,1
14417,1.0,1
14413,1.0,1
14411,1.0,1
14407,1.0,1
14405,1.0,1
15273,1.0,1
15268,1.0,1
15262,1.0,1
15258,1.0,1
15257,1.0,1
15254,1.0,1
15250,1.0,1
15248,1.0,1
15245,1.0,1
14433,1.0,1
14431,1.0,1
14430,1.0,1
14429,1.0,1
14425,1.0,1
14423,1.0,1
15242,1.0,1
15236,1.0,1
15234,1.0,1
15233,1.0,1
15231,1.0,1
15230,1.0,1
15229,1.0,1
14450,1.0,1
14445,1.0,1
14444,1.0,1
14442,1.0,1
14438,1.0,1
14437,1.0,1
15226,1.0,1
15225,1.0,1
15224,1.0,1
15222,1.0,1
15221,1.0,1
15219,1.0,1
15213,1.0,1
15212,1.0,1
15210,1.0,1
15209,1.0,1
15207,1.0,1
15204,1.0,1
15202,1.0,1
15200,1.0,1
15196,1.0,1
14465,1.0,1
14464,1.0,1
14458,1.0,1
14457,1.0,1
14455,1.0,1
14454,1.0,1
14453,1.0,1
15192,1.0,1
15191,1.0,1
15190,1.0,1
15188,1.0,1
15180,1.0,1
14483,1.0,1
14479,1.0,1
14478,1.0,1
14476,1.0,1
14471,1.0,1
14469,1.0,1
14468,1.0,1
15178,1.0,1
15177,1.0,1
15176,1.0,1
15174,1.0,1
15173,1.0,1
15171,1.0,1
15170,1.0,1
15169,1.0,1
15167,1.0,1
15166,1.0,1
15165,1.0,1
14496,1.0,1
14492,1.0,1
14491,1.0,1
14490,1.0,1
14486,1.0,1
15162,1.0,1
15161,1.0,1
15160,1.0,1
15155,1.0,1
15151,1.0,1
15147,1.0,1
15143,1.0,1
15141,1.0,1
15139,1.0,1
15138,1.0,1
15137,1.0,1
15135,1.0,1
15133,1.0,1
15131,1.0,1
14513,1.0,1
14512,1.0,1
14510,1.0,1
14509,1.0,1
14501,1.0,1
15126,1.0,1
15120,1.0,1
15119,1.0,1
15112,1.0,1
15108,1.0,1
15107,1.0,1
15104,1.0,1
15102,1.0,1
15100,1.0,1
14531,1.0,1
14526,1.0,1
14523,1.0,1
14521,1.0,1
14519,1.0,1
14516,1.0,1
15094,1.0,1
15092,1.0,1
15090,1.0,1
15087,1.0,1
15086,1.0,1
15085,1.0,1
15083,1.0,1
14545,1.0,1
14542,1.0,1
14536,1.0,1
14532,1.0,1
15082,1.0,1
15080,1.0,1
15079,1.0,1
15077,1.0,1
15072,1.0,1
15070,1.0,1
15069,1.0,1
15064,1.0,1
15057,1.0,1
15056,1.0,1
15055,1.0,1
15052,1.0,1
14563,1.0,1
14558,1.0,1
14556,1.0,1
14549,1.0,1
15047,1.0,1
15042,1.0,1
15040,1.0,1
15037,1.0,1
15029,1.0,1
15020,1.0,1
15019,1.0,1
15015,1.0,1
15013,1.0,1
15011,1.0,1
15008,1.0,1
15003,1.0,1
14579,1.0,1
14576,1.0,1
14575,1.0,1
14574,1.0,1
14571,1.0,1
14570,1.0,1
14568,1.0,1
14566,1.0,1
14565,1.0,1
14564,1.0,1
15001,1.0,1
14999,1.0,1
14996,1.0,1
14993,1.0,1
14992,1.0,1
14991,1.0,1
14990,1.0,1
14989,1.0,1
14988,1.0,1
14590,1.0,1
14589,1.0,1
14588,1.0,1
14584,1.0,1
14580,1.0,1
14985,1.0,1
14983,1.0,1
14982,1.0,1
14981,1.0,1
14980,1.0,1
14979,1.0,1
14977,1.0,1
14611,1.0,1
14610,1.0,1
14605,1.0,1
14604,1.0,1
14603,1.0,1
14602,1.0,1
14600,1.0,1
14599,1.0,1
14596,1.0,1
14969,1.0,1
14964,1.0,1
14962,1.0,1
14956,1.0,1
14955,1.0,1
14949,1.0,1
14945,1.0,1
14943,1.0,1
14942,1.0,1
14941,1.0,1
14940,1.0,1
14938,1.0,1
14627,1.0,1
14625,1.0,1
14620,1.0,1
14619,1.0,1
14617,1.0,1
14616,1.0,1
14615,1.0,1
14614,1.0,1
14613,1.0,1
14612,1.0,1
14933,1.0,1
14932,1.0,1
14928,1.0,1
14927,1.0,1
14926,1.0,1
14924,1.0,1
14643,1.0,1
14637,1.0,1
14635,1.0,1
14634,1.0,1
14633,1.0,1
14632,1.0,1
14630,1.0,1
14920,1.0,1
14919,1.0,1
14917,1.0,1
14909,1.0,1
14906,1.0,1
14905,1.0,1
14656,1.0,1
14654,1.0,1
14647,1.0,1
14645,1.0,1
14900,1.0,1
14899,1.0,1
14896,1.0,1
14892,1.0,1
14890,1.0,1
14889,1.0,1
14888,1.0,1
14886,1.0,1
14885,1.0,1
14884,1.0,1
14879,1.0,1
14877,1.0,1
14876,1.0,1
14874,1.0,1
14873,1.0,1
14674,1.0,1
14672,1.0,1
14671,1.0,1
14669,1.0,1
14668,1.0,1
14663,1.0,1
14870,1.0,1
14858,1.0,1
14850,1.0,1
14848,1.0,1
14846,1.0,1
14845,1.0,1
14843,1.0,1
14839,1.0,1
14689,1.0,1
14687,1.0,1
14686,1.0,1
14685,1.0,1
14683,1.0,1
14682,1.0,1
14679,1.0,1
14678,1.0,1
14677,1.0,1
14838,1.0,1
14835,1.0,1
14833,1.0,1
14832,1.0,1
14826,1.0,1
14822,1.0,1
14707,1.0,1
14706,1.0,1
14705,1.0,1
14699,1.0,1
14697,1.0,1
14695,1.0,1
14694,1.0,1
14692,1.0,1
14821,1.0,1
14817,1.0,1
14816,1.0,1
14814,1.0,1
14812,1.0,1
14811,1.0,1
14809,1.0,1
14807,1.0,1
14722,1.0,1
14721,1.0,1
14718,1.0,1
14717,1.0,1
14802,1.0,1
14797,1.0,1
14791,1.0,1
14787,1.0,1
14786,1.0,1
14783,1.0,1
14782,1.0,1
14779,1.0,1
14777,1.0,1
14774,1.0,1
14773,1.0,1
14736,1.0,1
14734,1.0,1
14729,1.0,1
14728,1.0,1
14727,1.0,1
14726,1.0,1
14724,1.0,1
14771,1.0,1
14767,1.0,1
14762,1.0,1
14751,1.0,1
14749,1.0,1
14747,1.0,1
14746,1.0,1
14745,1.0,1
14742,1.0,1
14740,1.0,1
18280,1.0,1
18279,1.0,1
18275,1.0,1
18271,1.0,1
18269,1.0,1
12363,1.0,1
12361,1.0,1
12355,1.0,1
12354,1.0,1
12353,1.0,1
12351,1.0,1
12350,1.0,1
13915,0.99,1
15960,0.99,1
14750,0.99,1
13958,0.99,1
13952,0.99,1
13925,0.99,1
13151,0.99,1
13175,0.99,1
13158,0.99,1
14353,0.99,1
14346,0.99,1
14344,0.99,1
14172,0.99,1
15590,0.99,1
16562,0.99,1
18121,0.99,1
18142,0.99,1
12461,0.99,1
14778,0.99,1
14743,0.99,1
15334,0.99,1
17127,0.99,1
14076,0.99,1
16317,0.99,1
13133,0.99,1
13132,0.99,1
13130,0.99,1
13125,0.99,1
17251,0.99,1
17179,0.99,1
15266,0.99,1
15588,0.99,1
15581,0.99,1
16585,0.99,1
16610,0.99,1
16608,0.99,1
13898,0.99,1
16030,0.99,1
12482,0.99,1
13482,0.99,1
13476,0.99,1
14803,0.99,1
14693,0.99,1
14813,0.99,1
12496,0.99,1
18057,0.99,1
18052,0.99,1
14831,0.99,1
14828,0.99,1
16027,0.99,1
16054,0.99,1
16051,0.99,1
16050,0.99,1
13466,0.99,1
13462,0.99,1
12513,0.99,1
12511,0.99,1
13542,0.99,1
13533,0.99,1
14143,0.99,1
14142,0.99,1
14130,0.99,1
15644,0.99,1
15642,0.99,1
15595,0.99,1
17217,0.99,1
13082,0.99,1
13663,0.99,1
13187,0.99,1
14338,0.99,1
14327,0.99,1
17046,0.99,1
16335,0.99,1
14183,0.99,1
16520,0.99,1
16503,0.99,1
14872,0.99,1
18024,0.99,1
14840,0.99,1
15879,0.99,1
13885,0.99,1
18018,0.99,1
13631,0.99,1
16392,0.99,1
15246,0.99,1
13080,0.99,1
17230,0.99,1
14435,0.99,1
14414,0.99,1
14406,0.99,1
13027,0.99,1
14891,0.99,1
14875,0.99,1
16065,0.99,1
16063,0.99,1
16699,0.99,1
15574,0.99,1
13440,0.99,1
17267,0.99,1
15217,0.99,1
14420,0.99,1
17248,0.99,1
17242,0.99,1
17240,0.99,1
15235,0.99,1
15232,0.99,1
15261,0.99,1
15259,0.99,1
16694,0.99,1
16716,0.99,1
13850,0.99,1
16072,0.99,1
13836,0.99,1
13833,0.99,1
17925,0.99,1
12601,0.99,1
12592,0.99,1
14670,0.99,1
17960,0.99,1
12585,0.99,1
17978,0.99,1
16521,0.99,1
16727,0.99,1
16725,0.99,1
14650,0.99,1
14648,0.99,1
17968,0.99,1
17962,0.99,1
17897,0.99,1
12606,0.99,1
16739,0.99,1
15508,0.99,1
14196,0.99,1
13382,0.99,1
15359,0.99,1
16975,0.99,1
16305,0.99,1
15732,0.99,1
17263,0.99,1
17258,0.99,1
17256,0.99,1
13031,0.99,1
14463,0.99,1
12639,0.99,1
12625,0.99,1
17879,0.99,1
17871,0.99,1
14622,0.99,1
14935,0.99,1
14930,0.99,1
14922,0.99,1
13559,0.99,1
15670,0.99,1
15665,0.99,1
15663,0.99,1
15653,0.99,1
12649,0.99,1
17899,0.99,1
17787,0.99,1
17850,0.99,1
14957,0.99,1
12669,0.99,1
16118,0.99,1
16112,0.99,1
17935,0.99,1
12648,0.99,1
15223,0.99,1
13020,0.99,1
16276,0.99,1
13708,0.99,1
13699,0.99,1
13698,0.99,1
16314,0.99,1
17331,0.99,1
13005,0.99,1
15183,0.99,1
13357,0.99,1
13567,0.99,1
13564,0.99,1
13819,0.99,1
13811,0.99,1
14013,0.99,1
17795,0.99,1
17763,0.99,1
12717,0.99,1
12710,0.99,1
14586,0.99,1
14986,0.99,1
17770,0.99,1
17723,0.99,1
16799,0.99,1
16769,0.99,1
15488,0.99,1
16998,0.99,1
13214,0.99,1
13210,0.99,1
13205,0.99,1
17021,0.99,1
15389,0.99,1
15384,0.99,1
13626,0.99,1
13618,0.99,1
16808,0.99,1
14973,0.99,1
14573,0.99,1
14994,0.99,1
12732,0.99,1
12729,0.99,1
16152,0.99,1
16146,0.99,1
17794,0.99,1
13616,0.99,1
14481,0.99,1
14472,0.99,1
12982,0.99,1
12980,0.99,1
17341,0.99,1
17339,0.99,1
13615,0.99,1
16398,0.99,1
15700,0.99,1
13248,0.99,1
12763,0.99,1
12755,0.99,1
17683,0.99,1
12750,0.99,1
17694,0.99,1
16461,0.99,1
14127,0.99,1
13355,0.99,1
16792,0.99,1
15480,0.99,1
15477,0.99,1
15503,0.99,1
15454,0.99,1
13581,0.99,1
16450,0.99,1
17692,0.99,1
12774,0.99,1
15007,0.99,1
15032,0.99,1
15833,0.99,1
16963,0.99,1
14053,0.99,1
13720,0.99,1
17352,0.99,1
17349,0.99,1
12947,0.99,1
17391,0.99,1
17408,0.99,1
17395,0.99,1
12956,0.99,1
16797,0.99,1
17597,0.99,1
17616,0.99,1
14559,0.99,1
17610,0.99,1
15829,0.99,1
16159,0.99,1
16172,0.99,1
13346,0.99,1
13343,0.99,1
16820,0.99,1
15063,0.99,1
13584,0.99,1
13583,0.99,1
16834,0.99,1
16831,0.99,1
16828,0.99,1
15476,0.99,1
17429,0.99,1
17421,0.99,1
14497,0.99,1
14489,0.99,1
16275,0.99,1
16274,0.99,1
13723,0.99,1
15746,0.99,1
15401,0.99,1
15400,0.99,1
16947,0.99,1
13253,0.99,1
14104,0.99,1
12809,0.99,1
17553,0.99,1
17548,0.99,1
17547,0.99,1
17541,0.99,1
17585,0.99,1
15084,0.99,1
14024,0.99,1
16952,0.99,1
15422,0.99,1
15130,0.99,1
17454,0.99,1
17440,0.99,1
17439,0.99,1
12929,0.99,1
15149,0.99,1
16259,0.99,1
16247,0.99,1
15808,0.99,1
15802,0.99,1
13754,0.99,1
16226,0.99,1
15109,0.99,1
12872,0.99,1
12868,0.99,1
12864,0.99,1
15076,0.99,1
15098,0.99,1
16862,0.99,1
16859,0.99,1
16893,0.99,1
14245,0.99,1
13273,0.99,1
14304,0.99,1
13300,0.99,1
15095,0.99,1
17531,0.99,1
12855,0.99,1
17505,0.99,1
15118,0.99,1
16222,0.99,1
15780,0.99,1
16246,0.99,1
16244,0.99,1
15784,0.99,1
12918,0.99,1
17472,0.99,1
12898,0.99,1
16951,0.99,1
15437,0.99,1
16894,0.99,1
18190,0.99,1
18178,0.99,1
12426,0.99,1
15911,0.99,1
15909,0.99,1
13948,0.99,1
13944,0.99,1
13936,0.99,1
15926,0.99,1
13929,0.99,1
14760,0.99,1
14770,0.99,1
18151,0.99,1
12440,0.99,1
14795,0.99,1
16548,0.99,1
15635,0.99,1
15623,0.99,1
12346,0.99,1
18262,0.98,1
13531,0.98,1
12436,0.98,1
12405,0.98,1
18165,0.98,1
18168,0.98,1
17146,0.98,1
13122,0.98,1
17457,0.98,1
12908,0.98,1
13937,0.98,1
13745,0.98,1
16922,0.98,1
17514,0.98,1
12917,0.98,1
14301,0.98,1
15768,0.98,1
15446,0.98,1
15402,0.98,1
12837,0.98,1
15689,0.98,1
16420,0.98,1
16429,0.98,1
17446,0.98,1
17448,0.98,1
17444,0.98,1
15800,0.98,1
15002,0.98,1
17707,0.98,1
15704,0.98,1
16456,0.98,1
13802,0.98,1
14459,0.98,1
16788,0.98,1
14117,0.98,1
15041,0.98,1
15045,0.98,1
12814,0.98,1
15074,0.98,1
16816,0.98,1
13330,0.98,1
13218,0.98,1
15372,0.98,1
16795,0.98,1
15462,0.98,1
14016,0.98,1
15049,0.98,1
15379,0.98,1
13621,0.98,1
13678,0.98,1
13682,0.98,1
15776,0.98,1
13240,0.98,1
17693,0.98,1
16447,0.98,1
12418,0.98,1
17045,0.98,1
17029,0.98,1
17984,0.98,1
17310,0.98,1
15759,0.98,1
17259,0.98,1
17282,0.98,1
15364,0.98,1
12548,0.98,1
17026,0.98,1
17994,0.98,1
15535,0.98,1
16061,0.98,1
16659,0.98,1
15263,0.98,1
14081,0.98,1
15374,0.98,1
12653,0.98,1
17844,0.98,1
16763,0.98,1
16309,0.98,1
17353,0.98,1
13000,0.98,1
15869,0.98,1
14958,0.98,1
17931,0.98,1
14436,0.98,1
17742,0.98,1
17749,0.98,1
17774,0.98,1
16780,0.98,1
15182,0.98,1
13217,0.98,1
15386,0.98,1
15381,0.98,1
13140,0.98,1
15307,0.98,1
17134,0.98,1
15569,0.98,1
13453,0.98,1
16323,0.98,1
15917,0.98,1
17083,0.98,1
14400,0.98,1
13106,0.98,1
12378,0.98,1
13967,0.98,1
18037,0.98,1
16032,0.98,1
15889,0.98,1
18073,0.98,1
13687,0.98,1
15265,0.98,1
13493,0.98,1
15325,0.98,1
14847,0.98,1
18013,0.98,1
14339,0.98,1
17048,0.98,1
16045,0.98,1
14867,0.98,1
15256,0.98,1
15871,0.98,1
15247,0.98,1
17204,0.98,1
17229,0.98,1
17252,0.98,1
18196,0.98,1
16582,0.98,1
16545,0.97,1
16550,0.97,1
18203,0.97,1
12851,0.97,1
14758,0.97,1
12502,0.97,1
16093,0.97,1
17941,0.97,1
12643,0.97,1
17649,0.97,1
16147,0.97,1
15483,0.97,1
17400,0.97,1
13799,0.97,1
14548,0.97,1
16927,0.97,1
15812,0.97,1
14265,0.97,1
15396,0.97,1
15146,0.97,1
14045,0.97,1
17542,0.97,1
16180,0.97,1
14998,0.97,1
15918,0.97,1
14037,0.97,1
16919,0.97,1
17715,0.97,1
15713,0.97,1
15004,0.97,1
15942,0.97,1
18260,0.97,1
17137,0.97,1
16581,0.97,1
14079,0.97,1
16320,0.97,1
15716,0.97,1
16553,0.97,1
13667,0.97,1
17265,0.97,1
15885,0.97,1
16761,0.97,1
13851,0.97,1
14823,0.97,1
12510,0.97,1
14133,0.97,1
12644,0.97,1
13821,0.97,1
14000,0.97,1
15825,0.97,1
14972,0.97,1
17320,0.97,1
12715,0.97,1
12688,0.97,1
14439,0.97,1
13568,0.97,1
14223,0.97,1
14241,0.97,1
13548,0.97,1
13411,0.97,1
16377,0.97,1
17268,0.97,1
17189,0.97,1
16324,0.97,1
15641,0.97,1
14855,0.97,1
15280,0.97,1
16340,0.97,1
17337,0.96,1
15016,0.96,1
12916,0.96,1
13280,0.96,1
14276,0.96,1
17409,0.96,1
17660,0.96,1
15122,0.96,1
15071,0.96,1
15472,0.96,1
13244,0.96,1
15541,0.96,1
14208,0.96,1
14918,0.96,1
13045,0.96,1
17866,0.96,1
14965,0.96,1
13003,0.96,1
13869,0.96,1
18072,0.96,1
15577,0.96,1
18093,0.96,1
14772,0.96,1
13162,0.96,1
17110,0.96,1
18222,0.96,1
16551,0.95,1
13441,0.95,1
17987,0.95,1
17958,0.95,1
17854,0.95,1
17722,0.95,1
12758,0.95,1
13791,0.95,1
14552,0.95,1
12840,0.95,1
12891,0.95,1
13722,0.95,1
14460,0.95,1
14461,0.95,1
17070,0.95,1
13192,0.95,1
12422,0.95,1
18281,0.94,1
17126,0.94,1
16641,0.94,1
14055,0.94,1
15491,0.94,1
15198,0.94,1
17460,0.94,1
16400,0.94,1
13099,0.93,1
13848,0.93,1
17085,0.93,1
14171,0.93,1
17642,0.93,1
17050,0.93,1
16755,0.92,1
15260,0.92,1
13748,0.92,1
14210,0.91,1
17309,0.91,1
13037,0.91,1
14410,0.9,1
13249,0.89,1
13814,0.89,1
13931,0.85,1
16031,0.85,1
18087,0.83,1
15216,0.13,0
14628,0.12,0
16723,0.11,0
18116,0.11,0
13662,0.11,0
14792,0.1,0
13259,0.1,0
16374,0.09,0
13529,0.09,0
15652,0.09,0
15834,0.08,0
12756,0.08,0
15127,0.07,0
16650,0.07,0
15299,0.07,0
15035,0.07,0
13972,0.07,0
14529,0.07,0
13283,0.07,0
15175,0.06,0
16984,0.06,0
14915,0.06,0
13124,0.06,0
16308,0.06,0
17846,0.06,0
17415,0.06,0
16906,0.06,0
17805,0.05,0
16266,0.05,0
15603,0.05,0
16776,0.05,0
17628,0.05,0
15276,0.05,0
16624,0.05,0
15744,0.05,0
14660,0.05,0
16532,0.05,0
16878,0.05,0
15799,0.05,0
16215,0.05,0
13334,0.05,0
16959,0.05,0
14029,0.05,0
16462,0.05,0
18194,0.04,0
13539,0.04,0
16595,0.04,0
14806,0.04,0
16667,0.04,0
13390,0.04,0
12987,0.04,0
16059,0.04,0
12545,0.04,0
13127,0.04,0
16384,0.04,0
13067,0.04,0
16370,0.04,0
17284,0.04,0
17997,0.04,0
14462,0.04,0
17731,0.04,0
15636,0.04,0
16441,0.04,0
15164,0.04,0
17894,0.04,0
17382,0.04,0
16209,0.04,0
14101,0.04,0
16281,0.04,0
15062,0.04,0
16198,0.04,0
17589,0.04,0
12823,0.04,0
15466,0.04,0
16881,0.04,0
14177,0.04,0
13877,0.04,0
16000,0.04,0
13113,0.04,0
12409,0.04,0
12412,0.04,0
13169,0.03,0
18173,0.03,0
17376,0.03,0
17347,0.03,0
15888,0.03,0
15996,0.03,0
14175,0.03,0
13276,0.03,0
15939,0.03,0
14147,0.03,0
16229,0.03,0
12885,0.03,0
16928,0.03,0
17647,0.03,0
15067,0.03,0
13764,0.03,0
14538,0.03,0
16211,0.03,0
14236,0.03,0
13344,0.03,0
16179,0.03,0
14500,0.03,0
13908,0.03,0
18251,0.03,0
13193,0.03,0
17037,0.03,0
16589,0.03,0
13514,0.03,0
13518,0.03,0
18019,0.03,0
12435,0.03,0
13666,0.03,0
15886,0.03,0
18136,0.03,0
17957,0.03,0
14652,0.03,0
13095,0.03,0
17061,0.03,0
18033,0.03,0
18017,0.03,0
17905,0.03,0
14908,0.03,0
16693,0.03,0
15518,0.03,0
14651,0.03,0
16493,0.03,0
15756,0.03,0
12637,0.03,0
13989,0.03,0
14451,0.03,0
14473,0.03,0
13228,0.03,0
13220,0.03,0
16774,0.03,0
12701,0.03,0
17786,0.03,0
14609,0.03,0
15201,0.03,0
15504,0.03,0
16136,0.03,0
12703,0.03,0
15837,0.03,0
15036,0.03,0
17674,0.03,0
12781,0.03,0
17640,0.03,0
18255,0.03,0
16445,0.02,0
13340,0.02,0
13348,0.02,0
16475,0.02,0
14488,0.02,0
14300,0.02,0
15417,0.02,0
13721,0.02,0
14535,0.02,0
13321,0.02,0
13587,0.02,0
14054,0.02,0
17594,0.02,0
17591,0.02,0
14561,0.02,0
17572,0.02,0
15673,0.02,0
15815,0.02,0
15048,0.02,0
13486,0.02,0
13739,0.02,0
17433,0.02,0
12434,0.02,0
16895,0.02,0
17480,0.02,0
16921,0.02,0
17509,0.02,0
17498,0.02,0
17506,0.02,0
16872,0.02,0
16882,0.02,0
13947,0.02,0
12393,0.02,0
12390,0.02,0
13146,0.02,0
13109,0.02,0
18232,0.02,0
16574,0.02,0
14152,0.02,0
13992,0.02,0
14164,0.02,0
13959,0.02,0
18189,0.02,0
15475,0.02,0
16745,0.02,0
12612,0.02,0
17898,0.02,0
17788,0.02,0
17802,0.02,0
17772,0.02,0
14014,0.02,0
16777,0.02,0
17388,0.02,0
16395,0.02,0
13224,0.02,0
17002,0.02,0
15154,0.02,0
12718,0.02,0
16800,0.02,0
15810,0.02,0
16160,0.02,0
14145,0.02,0
12752,0.02,0
15549,0.02,0
16715,0.02,0
13372,0.02,0
16690,0.02,0
13373,0.02,0
12995,0.02,0
15205,0.02,0
13375,0.02,0
12965,0.02,0
17333,0.02,0
13035,0.02,0
12997,0.02,0
14916,0.02,0
15764,0.02,0
15757,0.02,0
13689,0.02,0
16108,0.02,0
16477,0.02,0
13552,0.02,0
17214,0.02,0
14109,0.02,0
17232,0.02,0
17078,0.02,0
13092,0.02,0
13134,0.02,0
15315,0.02,0
13177,0.02,0
16321,0.02,0
14356,0.02,0
15322,0.02,0
12604,0.02,0
17919,0.02,0
16036,0.02,0
16040,0.02,0
14665,0.02,0
12527,0.02,0
12556,0.02,0
14844,0.02,0
16518,0.02,0
14854,0.02,0
15264,0.02,0
16380,0.02,0
17033,0.02,0
12425,0.02,0
12420,0.02,0
16527,0.02,0
18126,0.02,0
18094,0.02,0
12519,0.02,0
12520,0.02,0
14681,0.02,0
13563,0.02,0
12457,0.02,0
15980,0.02,0
16613,0.02,0
16584,0.02,0
15958,0.02,0
16542,0.02,0
15978,0.02,0
15626,0.02,0
15947,0.02,0
18265,0.02,0
12372,0.02,0
12348,0.02,0
12394,0.01,0
14753,0.01,0
18226,0.01,0
18210,0.01,0
18211,0.01,0
13927,0.01,0
12379,0.01,0
13519,0.01,0
13522,0.01,0
13483,0.01,0
15593,0.01,0
16573,0.01,0
13503,0.01,0
18125,0.01,0
12477,0.01,0
12458,0.01,0
12454,0.01,0
18139,0.01,0
15986,0.01,0
13918,0.01,0
18079,0.01,0
12508,0.01,0
18092,0.01,0
18088,0.01,0
14801,0.01,0
14700,0.01,0
14819,0.01,0
14818,0.01,0
12497,0.01,0
16809,0.01,0
16751,0.01,0
16775,0.01,0
14221,0.01,0
14212,0.01,0
13555,0.01,0
13405,0.01,0
16728,0.01,0
16742,0.01,0
16689,0.01,0
15540,0.01,0
15539,0.01,0
16729,0.01,0
16638,0.01,0
13434,0.01,0
16685,0.01,0
13316,0.01,0
14272,0.01,0
13310,0.01,0
16796,0.01,0
13366,0.01,0
14257,0.01,0
14233,0.01,0
16468,0.01,0
14128,0.01,0
14113,0.01,0
16454,0.01,0
13573,0.01,0
13356,0.01,0
16790,0.01,0
15502,0.01,0
16789,0.01,0
16898,0.01,0
13279,0.01,0
13277,0.01,0
16875,0.01,0
16910,0.01,0
16909,0.01,0
15429,0.01,0
15428,0.01,0
16432,0.01,0
16423,0.01,0
13611,0.01,0
14102,0.01,0
14098,0.01,0
14096,0.01,0
13591,0.01,0
16836,0.01,0
15339,0.01,0
14315,0.01,0
14307,0.01,0
16978,0.01,0
13233,0.01,0
17022,0.01,0
13639,0.01,0
13602,0.01,0
13598,0.01,0
16433,0.01,0
16969,0.01,0
16956,0.01,0
13260,0.01,0
15427,0.01,0
15426,0.01,0
15410,0.01,0
17133,0.01,0
14367,0.01,0
14336,0.01,0
14333,0.01,0
15348,0.01,0
17047,0.01,0
13647,0.01,0
16332,0.01,0
16330,0.01,0
16363,0.01,0
16342,0.01,0
16385,0.01,0
17018,0.01,0
17030,0.01,0
17027,0.01,0
15343,0.01,0
17221,0.01,0
17180,0.01,0
17172,0.01,0
13103,0.01,0
13091,0.01,0
13090,0.01,0
15296,0.01,0
15739,0.01,0
17162,0.01,0
15304,0.01,0
15301,0.01,0
17119,0.01,0
15300,0.01,0
15321,0.01,0
17068,0.01,0
17058,0.01,0
12991,0.01,0
13038,0.01,0
17313,0.01,0
17311,0.01,0
17301,0.01,0
15228,0.01,0
17330,0.01,0
13006,0.01,0
13704,0.01,0
15766,0.01,0
13055,0.01,0
13049,0.01,0
17236,0.01,0
13068,0.01,0
15244,0.01,0
15243,0.01,0
12930,0.01,0
15142,0.01,0
17427,0.01,0
17425,0.01,0
14514,0.01,0
14487,0.01,0
15158,0.01,0
14050,0.01,0
17351,0.01,0
17370,0.01,0
14475,0.01,0
15168,0.01,0
15193,0.01,0
17357,0.01,0
15181,0.01,0
15195,0.01,0
17513,0.01,0
17502,0.01,0
12886,0.01,0
12884,0.01,0
12879,0.01,0
16224,0.01,0
16258,0.01,0
16253,0.01,0
14038,0.01,0
15786,0.01,0
14515,0.01,0
17466,0.01,0
17462,0.01,0
15129,0.01,0
15128,0.01,0
17414,0.01,0
12812,0.01,0
12849,0.01,0
17552,0.01,0
17579,0.01,0
13774,0.01,0
13763,0.01,0
15782,0.01,0
15804,0.01,0
12876,0.01,0
12871,0.01,0
12865,0.01,0
14528,0.01,0
14518,0.01,0
12854,0.01,0
12925,0.01,0
12924,0.01,0
17680,0.01,0
17667,0.01,0
12789,0.01,0
17620,0.01,0
15027,0.01,0
17609,0.01,0
17648,0.01,0
16182,0.01,0
13787,0.01,0
15814,0.01,0
16184,0.01,0
15050,0.01,0
15068,0.01,0
15066,0.01,0
12844,0.01,0
12843,0.01,0
12719,0.01,0
17767,0.01,0
14978,0.01,0
14997,0.01,0
17712,0.01,0
17711,0.01,0
12731,0.01,0
16122,0.01,0
16141,0.01,0
16140,0.01,0
16133,0.01,0
12744,0.01,0
14987,0.01,0
15014,0.01,0
17728,0.01,0
12798,0.01,0
17831,0.01,0
17857,0.01,0
17839,0.01,0
14959,0.01,0
14952,0.01,0
14951,0.01,0
16120,0.01,0
16104,0.01,0
16098,0.01,0
13810,0.01,0
17783,0.01,0
17777,0.01,0
17771,0.01,0
14598,0.01,0
17790,0.01,0
12728,0.01,0
12550,0.01,0
12536,0.01,0
12578,0.01,0
17988,0.01,0
14894,0.01,0
14887,0.01,0
13868,0.01,0
13845,0.01,0
13827,0.01,0
17921,0.01,0
12599,0.01,0
17940,0.01,0
12635,0.01,0
14901,0.01,0
17929,0.01,0
12654,0.01,0
18053,0.01,0
18045,0.01,0
14690,0.01,0
14684,0.01,0
14837,0.01,0
18080,0.01,0
16026,0.01,0
16041,0.01,0
13969,0.01,0
12512,0.01,0
18044,0.01,0
18036,0.01,0
14825,0.01,0
18008,0.01,0
18005,0.01,0
12557,0.01,0
13504,0.01,0
18241,0.01,0
18278,0.01,0
18242,0.01,0
15948,0.01,0
13904,0.01,0
13974,0.01,0
14737,0.01,0
18204,0.01,0
12413,0.01,0
18161,0.01,0
18155,0.01,0
14784,0.01,0
18169,0.01,0
18192,0.01,0
18127,0.01,0
16674,0.01,0
14184,0.01,0
14179,0.01,0
13422,0.01,0
13419,0.01,0
14139,0.01,0
16627,0.01,0
13464,0.01,0
15553,0.01,0
15582,0.01,0
15579,0.01,0
16594,0.01,0
16607,0.01,0
15620,0.01,0
13515,0.01,0
13505,0.01,0
12349,0.0,0
12356,0.0,0
12357,0.0,0
18287,0.0,0
18283,0.0,0
18282,0.0,0
18277,0.0,0
18276,0.0,0
18274,0.0,0
18273,0.0,0
18272,0.0,0
18270,0.0,0
12364,0.0,0
14754,0.0,0
14755,0.0,0
14756,0.0,0
14757,0.0,0
14759,0.0,0
14761,0.0,0
14764,0.0,0
12374,0.0,0
12359,0.0,0
12360,0.0,0
18228,0.0,0
18229,0.0,0
18230,0.0,0
18235,0.0,0
18236,0.0,0
12381,0.0,0
13911,0.0,0
13914,0.0,0
13917,0.0,0
15937,0.0,0
15949,0.0,0
15950,0.0,0
15951,0.0,0
13923,0.0,0
13924,0.0,0
13926,0.0,0
13928,0.0,0
13930,0.0,0
15930,0.0,0
15932,0.0,0
15933,0.0,0
13938,0.0,0
15952,0.0,0
15953,0.0,0
15916,0.0,0
15919,0.0,0
13953,0.0,0
13954,0.0,0
13956,0.0,0
13960,0.0,0
13962,0.0,0
13975,0.0,0
13978,0.0,0
15955,0.0,0
15957,0.0,0
15963,0.0,0
15965,0.0,0
15967,0.0,0
13899,0.0,0
13901,0.0,0
16003,0.0,0
16005,0.0,0
13919,0.0,0
15969,0.0,0
15971,0.0,0
15974,0.0,0
15975,0.0,0
15977,0.0,0
15981,0.0,0
15983,0.0,0
15984,0.0,0
15987,0.0,0
15988,0.0,0
15990,0.0,0
16017,0.0,0
16018,0.0,0
16019,0.0,0
16020,0.0,0
16023,0.0,0
16024,0.0,0
16025,0.0,0
15992,0.0,0
15993,0.0,0
15994,0.0,0
15998,0.0,0
13890,0.0,0
13892,0.0,0
13894,0.0,0
13895,0.0,0
13897,0.0,0
13876,0.0,0
13878,0.0,0
13880,0.0,0
13881,0.0,0
13882,0.0,0
13883,0.0,0
13884,0.0,0
16007,0.0,0
16008,0.0,0
16009,0.0,0
16011,0.0,0
16012,0.0,0
16013,0.0,0
16014,0.0,0
16015,0.0,0
16016,0.0,0
16029,0.0,0
13979,0.0,0
13980,0.0,0
13982,0.0,0
13983,0.0,0
15898,0.0,0
15900,0.0,0
15901,0.0,0
15903,0.0,0
15904,0.0,0
15906,0.0,0
15907,0.0,0
13993,0.0,0
13994,0.0,0
13871,0.0,0
13875,0.0,0
13995,0.0,0
13999,0.0,0
15872,0.0,0
15874,0.0,0
15877,0.0,0
15883,0.0,0
13971,0.0,0
15858,0.0,0
15860,0.0,0
15861,0.0,0
16038,0.0,0
16042,0.0,0
16043,0.0,0
16049,0.0,0
16052,0.0,0
16053,0.0,0
13844,0.0,0
13846,0.0,0
13849,0.0,0
13853,0.0,0
16056,0.0,0
16057,0.0,0
16062,0.0,0
13858,0.0,0
13860,0.0,0
13862,0.0,0
13865,0.0,0
13866,0.0,0
13867,0.0,0
13870,0.0,0
13886,0.0,0
16033,0.0,0
16086,0.0,0
16094,0.0,0
13823,0.0,0
13824,0.0,0
13828,0.0,0
13831,0.0,0
13832,0.0,0
13835,0.0,0
13838,0.0,0
16066,0.0,0
16070,0.0,0
16071,0.0,0
16076,0.0,0
16079,0.0,0
16080,0.0,0
13842,0.0,0
16081,0.0,0
16085,0.0,0
15862,0.0,0
15863,0.0,0
15864,0.0,0
15865,0.0,0
15867,0.0,0
15870,0.0,0
13984,0.0,0
13985,0.0,0
13986,0.0,0
13988,0.0,0
13991,0.0,0
15841,0.0,0
15844,0.0,0
15845,0.0,0
13812,0.0,0
13813,0.0,0
13815,0.0,0
13816,0.0,0
13817,0.0,0
16099,0.0,0
16101,0.0,0
16102,0.0,0
16103,0.0,0
16106,0.0,0
16107,0.0,0
16110,0.0,0
16115,0.0,0
16119,0.0,0
16121,0.0,0
13854,0.0,0
16126,0.0,0
15847,0.0,0
15850,0.0,0
15853,0.0,0
15854,0.0,0
14001,0.0,0
14004,0.0,0
14005,0.0,0
14015,0.0,0
15856,0.0,0
15857,0.0,0
14031,0.0,0
15822,0.0,0
16127,0.0,0
16128,0.0,0
13808,0.0,0
13801,0.0,0
13804,0.0,0
13805,0.0,0
13806,0.0,0
13777,0.0,0
13780,0.0,0
13822,0.0,0
16131,0.0,0
16134,0.0,0
16139,0.0,0
16143,0.0,0
16145,0.0,0
16149,0.0,0
16150,0.0,0
16153,0.0,0
16123,0.0,0
16156,0.0,0
16157,0.0,0
15826,0.0,0
15827,0.0,0
15830,0.0,0
15831,0.0,0
15835,0.0,0
15836,0.0,0
15838,0.0,0
15839,0.0,0
15840,0.0,0
15809,0.0,0
15811,0.0,0
16161,0.0,0
13792,0.0,0
13798,0.0,0
16201,0.0,0
16203,0.0,0
16204,0.0,0
16205,0.0,0
16206,0.0,0
13782,0.0,0
13784,0.0,0
13790,0.0,0
16164,0.0,0
16168,0.0,0
16169,0.0,0
16170,0.0,0
16171,0.0,0
16173,0.0,0
16177,0.0,0
16181,0.0,0
15819,0.0,0
15821,0.0,0
14019,0.0,0
14020,0.0,0
14023,0.0,0
14027,0.0,0
14030,0.0,0
14047,0.0,0
15790,0.0,0
16186,0.0,0
16187,0.0,0
16188,0.0,0
16189,0.0,0
16190,0.0,0
16191,0.0,0
16200,0.0,0
15803,0.0,0
15805,0.0,0
15806,0.0,0
15807,0.0,0
15781,0.0,0
16210,0.0,0
13759,0.0,0
13760,0.0,0
13761,0.0,0
13767,0.0,0
13769,0.0,0
13771,0.0,0
13772,0.0,0
16212,0.0,0
16183,0.0,0
16185,0.0,0
13735,0.0,0
16213,0.0,0
16218,0.0,0
16221,0.0,0
16225,0.0,0
13742,0.0,0
13743,0.0,0
13750,0.0,0
13755,0.0,0
13756,0.0,0
16207,0.0,0
16208,0.0,0
15791,0.0,0
15793,0.0,0
15796,0.0,0
15801,0.0,0
13717,0.0,0
13719,0.0,0
13758,0.0,0
16232,0.0,0
16233,0.0,0
16235,0.0,0
16236,0.0,0
16239,0.0,0
16240,0.0,0
16241,0.0,0
16242,0.0,0
16243,0.0,0
13726,0.0,0
13727,0.0,0
13728,0.0,0
13732,0.0,0
15783,0.0,0
15785,0.0,0
15787,0.0,0
14032,0.0,0
14034,0.0,0
14035,0.0,0
14039,0.0,0
14040,0.0,0
14044,0.0,0
15769,0.0,0
15773,0.0,0
16245,0.0,0
16248,0.0,0
16249,0.0,0
16255,0.0,0
13710,0.0,0
14060,0.0,0
14062,0.0,0
15774,0.0,0
15745,0.0,0
15747,0.0,0
13725,0.0,0
16260,0.0,0
16261,0.0,0
16265,0.0,0
16268,0.0,0
16271,0.0,0
13694,0.0,0
13695,0.0,0
13697,0.0,0
13736,0.0,0
13741,0.0,0
16311,0.0,0
16313,0.0,0
16316,0.0,0
13700,0.0,0
13705,0.0,0
13709,0.0,0
16279,0.0,0
16283,0.0,0
16284,0.0,0
13680,0.0,0
13681,0.0,0
14049,0.0,0
14051,0.0,0
14052,0.0,0
14056,0.0,0
14057,0.0,0
15748,0.0,0
15750,0.0,0
15752,0.0,0
15754,0.0,0
15755,0.0,0
15758,0.0,0
15762,0.0,0
15763,0.0,0
15730,0.0,0
15737,0.0,0
13690,0.0,0
13692,0.0,0
16293,0.0,0
16295,0.0,0
16298,0.0,0
16303,0.0,0
14064,0.0,0
14067,0.0,0
14071,0.0,0
14073,0.0,0
14075,0.0,0
14077,0.0,0
15743,0.0,0
15719,0.0,0
15720,0.0,0
16322,0.0,0
13668,0.0,0
13669,0.0,0
13670,0.0,0
13673,0.0,0
16325,0.0,0
13685,0.0,0
16361,0.0,0
16362,0.0,0
16326,0.0,0
16327,0.0,0
16333,0.0,0
16337,0.0,0
13650,0.0,0
13651,0.0,0
13652,0.0,0
13654,0.0,0
13657,0.0,0
13658,0.0,0
16341,0.0,0
16318,0.0,0
15738,0.0,0
15740,0.0,0
13635,0.0,0
13636,0.0,0
13637,0.0,0
13638,0.0,0
16343,0.0,0
16345,0.0,0
16347,0.0,0
16348,0.0,0
16350,0.0,0
16352,0.0,0
16353,0.0,0
16354,0.0,0
16357,0.0,0
16358,0.0,0
16359,0.0,0
16360,0.0,0
16376,0.0,0
16379,0.0,0
16383,0.0,0
16386,0.0,0
16389,0.0,0
16393,0.0,0
16364,0.0,0
16365,0.0,0
16366,0.0,0
16367,0.0,0
16368,0.0,0
16369,0.0,0
13629,0.0,0
13630,0.0,0
13632,0.0,0
13634,0.0,0
13644,0.0,0
15721,0.0,0
15722,0.0,0
14080,0.0,0
14083,0.0,0
14085,0.0,0
14087,0.0,0
14088,0.0,0
14089,0.0,0
14092,0.0,0
14093,0.0,0
15725,0.0,0
15727,0.0,0
14110,0.0,0
14111,0.0,0
16372,0.0,0
16415,0.0,0
16416,0.0,0
16418,0.0,0
13596,0.0,0
13599,0.0,0
13601,0.0,0
13603,0.0,0
16394,0.0,0
16399,0.0,0
16401,0.0,0
13614,0.0,0
13617,0.0,0
13623,0.0,0
13627,0.0,0
16404,0.0,0
13643,0.0,0
15694,0.0,0
15696,0.0,0
15699,0.0,0
15701,0.0,0
15706,0.0,0
15707,0.0,0
15708,0.0,0
15712,0.0,0
15714,0.0,0
15678,0.0,0
15679,0.0,0
15680,0.0,0
16411,0.0,0
16412,0.0,0
16413,0.0,0
16414,0.0,0
15692,0.0,0
14099,0.0,0
14107,0.0,0
14108,0.0,0
15671,0.0,0
15674,0.0,0
16422,0.0,0
16426,0.0,0
16430,0.0,0
16434,0.0,0
16438,0.0,0
16440,0.0,0
16406,0.0,0
16407,0.0,0
16409,0.0,0
14112,0.0,0
16470,0.0,0
16474,0.0,0
16442,0.0,0
16444,0.0,0
16446,0.0,0
16451,0.0,0
13588,0.0,0
13589,0.0,0
13590,0.0,0
13592,0.0,0
13606,0.0,0
13607,0.0,0
13610,0.0,0
15681,0.0,0
15687,0.0,0
15690,0.0,0
15676,0.0,0
14116,0.0,0
14121,0.0,0
14124,0.0,0
14125,0.0,0
14126,0.0,0
14129,0.0,0
15677,0.0,0
15645,0.0,0
15651,0.0,0
16458,0.0,0
16460,0.0,0
16463,0.0,0
16464,0.0,0
16466,0.0,0
16469,0.0,0
13558,0.0,0
13560,0.0,0
16478,0.0,0
16479,0.0,0
16480,0.0,0
16482,0.0,0
13565,0.0,0
13566,0.0,0
13569,0.0,0
13571,0.0,0
13575,0.0,0
13576,0.0,0
13577,0.0,0
13594,0.0,0
16455,0.0,0
15675,0.0,0
15654,0.0,0
15656,0.0,0
15657,0.0,0
15659,0.0,0
15660,0.0,0
15664,0.0,0
15667,0.0,0
15669,0.0,0
15637,0.0,0
15640,0.0,0
16491,0.0,0
16495,0.0,0
16496,0.0,0
16497,0.0,0
13549,0.0,0
13557,0.0,0
13546,0.0,0
16535,0.0,0
13562,0.0,0
16500,0.0,0
16504,0.0,0
16505,0.0,0
16506,0.0,0
16511,0.0,0
16513,0.0,0
16515,0.0,0
16516,0.0,0
16519,0.0,0
16523,0.0,0
13579,0.0,0
16485,0.0,0
16488,0.0,0
16528,0.0,0
14132,0.0,0
14135,0.0,0
14138,0.0,0
14140,0.0,0
14141,0.0,0
14157,0.0,0
14158,0.0,0
14159,0.0,0
16531,0.0,0
16533,0.0,0
13532,0.0,0
13534,0.0,0
13536,0.0,0
13538,0.0,0
13544,0.0,0
13521,0.0,0
13523,0.0,0
13524,0.0,0
13525,0.0,0
13527,0.0,0
16566,0.0,0
16539,0.0,0
16549,0.0,0
16554,0.0,0
16555,0.0,0
16556,0.0,0
16557,0.0,0
16558,0.0,0
16560,0.0,0
16561,0.0,0
16525,0.0,0
16563,0.0,0
13516,0.0,0
15615,0.0,0
15618,0.0,0
15619,0.0,0
15621,0.0,0
15622,0.0,0
15628,0.0,0
15630,0.0,0
15632,0.0,0
15634,0.0,0
15599,0.0,0
15601,0.0,0
15602,0.0,0
13517,0.0,0
13520,0.0,0
15605,0.0,0
15606,0.0,0
15608,0.0,0
15610,0.0,0
15611,0.0,0
15612,0.0,0
14146,0.0,0
14150,0.0,0
14156,0.0,0
15592,0.0,0
13499,0.0,0
13500,0.0,0
13502,0.0,0
13507,0.0,0
13509,0.0,0
13510,0.0,0
16612,0.0,0
16616,0.0,0
16618,0.0,0
16620,0.0,0
16591,0.0,0
16592,0.0,0
16593,0.0,0
16596,0.0,0
16597,0.0,0
13487,0.0,0
13488,0.0,0
13491,0.0,0
16569,0.0,0
16570,0.0,0
16571,0.0,0
15604,0.0,0
13495,0.0,0
13496,0.0,0
15594,0.0,0
14163,0.0,0
14167,0.0,0
14173,0.0,0
14174,0.0,0
15597,0.0,0
15598,0.0,0
15567,0.0,0
15568,0.0,0
16600,0.0,0
16601,0.0,0
16602,0.0,0
16603,0.0,0
16609,0.0,0
13458,0.0,0
13460,0.0,0
13461,0.0,0
16648,0.0,0
16621,0.0,0
16626,0.0,0
16628,0.0,0
16629,0.0,0
13467,0.0,0
13468,0.0,0
13471,0.0,0
13473,0.0,0
13477,0.0,0
13481,0.0,0
16633,0.0,0
16637,0.0,0
13448,0.0,0
16639,0.0,0
15570,0.0,0
15571,0.0,0
15572,0.0,0
15573,0.0,0
15576,0.0,0
15584,0.0,0
15587,0.0,0
15555,0.0,0
15556,0.0,0
16642,0.0,0
13450,0.0,0
13451,0.0,0
13455,0.0,0
13456,0.0,0
16676,0.0,0
16678,0.0,0
16680,0.0,0
16681,0.0,0
16682,0.0,0
16684,0.0,0
16652,0.0,0
16653,0.0,0
16655,0.0,0
16656,0.0,0
16657,0.0,0
16660,0.0,0
13435,0.0,0
13436,0.0,0
13437,0.0,0
13447,0.0,0
15563,0.0,0
14178,0.0,0
14180,0.0,0
14188,0.0,0
14189,0.0,0
14191,0.0,0
14193,0.0,0
15565,0.0,0
14201,0.0,0
14204,0.0,0
14205,0.0,0
16668,0.0,0
16669,0.0,0
16670,0.0,0
16671,0.0,0
16672,0.0,0
16719,0.0,0
16720,0.0,0
16686,0.0,0
16688,0.0,0
13418,0.0,0
13421,0.0,0
13426,0.0,0
13427,0.0,0
13428,0.0,0
13429,0.0,0
13430,0.0,0
13431,0.0,0
13449,0.0,0
16666,0.0,0
15557,0.0,0
15561,0.0,0
15544,0.0,0
15545,0.0,0
15547,0.0,0
15550,0.0,0
15551,0.0,0
15520,0.0,0
15521,0.0,0
16705,0.0,0
16706,0.0,0
16708,0.0,0
16709,0.0,0
16710,0.0,0
16711,0.0,0
16712,0.0,0
16713,0.0,0
16717,0.0,0
13396,0.0,0
13397,0.0,0
16746,0.0,0
16722,0.0,0
16726,0.0,0
13403,0.0,0
13404,0.0,0
13408,0.0,0
13410,0.0,0
13416,0.0,0
13417,0.0,0
16730,0.0,0
16700,0.0,0
16701,0.0,0
14209,0.0,0
15533,0.0,0
15526,0.0,0
15527,0.0,0
15529,0.0,0
15530,0.0,0
15531,0.0,0
15532,0.0,0
14194,0.0,0
14198,0.0,0
15511,0.0,0
15513,0.0,0
16737,0.0,0
16743,0.0,0
16744,0.0,0
13384,0.0,0
13389,0.0,0
13394,0.0,0
16747,0.0,0
16748,0.0,0
16750,0.0,0
16753,0.0,0
16758,0.0,0
16759,0.0,0
13379,0.0,0
13381,0.0,0
16762,0.0,0
16732,0.0,0
16734,0.0,0
16735,0.0,0
15522,0.0,0
15523,0.0,0
15524,0.0,0
15525,0.0,0
15516,0.0,0
14211,0.0,0
14214,0.0,0
14215,0.0,0
14216,0.0,0
14217,0.0,0
14218,0.0,0
14219,0.0,0
15485,0.0,0
16768,0.0,0
16770,0.0,0
16771,0.0,0
16773,0.0,0
16778,0.0,0
16779,0.0,0
16782,0.0,0
15498,0.0,0
15500,0.0,0
15505,0.0,0
15506,0.0,0
15478,0.0,0
16791,0.0,0
13350,0.0,0
13351,0.0,0
13352,0.0,0
13354,0.0,0
13359,0.0,0
13362,0.0,0
13363,0.0,0
16764,0.0,0
16767,0.0,0
15514,0.0,0
13347,0.0,0
13349,0.0,0
13364,0.0,0
13365,0.0,0
16793,0.0,0
16794,0.0,0
16803,0.0,0
16804,0.0,0
16811,0.0,0
16813,0.0,0
16784,0.0,0
15489,0.0,0
15492,0.0,0
15493,0.0,0
15494,0.0,0
15497,0.0,0
16817,0.0,0
15482,0.0,0
15484,0.0,0
14226,0.0,0
14227,0.0,0
14229,0.0,0
14232,0.0,0
14234,0.0,0
14235,0.0,0
14239,0.0,0
14240,0.0,0
15453,0.0,0
16818,0.0,0
16824,0.0,0
13332,0.0,0
13336,0.0,0
13325,0.0,0
13327,0.0,0
13329,0.0,0
16825,0.0,0
16826,0.0,0
16830,0.0,0
16833,0.0,0
16837,0.0,0
16839,0.0,0
16841,0.0,0
16843,0.0,0
16846,0.0,0
16847,0.0,0
16848,0.0,0
16851,0.0,0
16814,0.0,0
15458,0.0,0
15463,0.0,0
15465,0.0,0
15467,0.0,0
15468,0.0,0
15469,0.0,0
15471,0.0,0
15473,0.0,0
14262,0.0,0
13317,0.0,0
13318,0.0,0
13319,0.0,0
13320,0.0,0
13322,0.0,0
13323,0.0,0
13324,0.0,0
16891,0.0,0
16892,0.0,0
16861,0.0,0
16863,0.0,0
16869,0.0,0
16871,0.0,0
16873,0.0,0
13305,0.0,0
13308,0.0,0
13309,0.0,0
13311,0.0,0
13313,0.0,0
13314,0.0,0
16852,0.0,0
16855,0.0,0
16856,0.0,0
16904,0.0,0
16905,0.0,0
16907,0.0,0
16912,0.0,0
16914,0.0,0
16915,0.0,0
16916,0.0,0
13285,0.0,0
13292,0.0,0
13297,0.0,0
13298,0.0,0
16877,0.0,0
16880,0.0,0
16884,0.0,0
16885,0.0,0
16887,0.0,0
13278,0.0,0
13282,0.0,0
14273,0.0,0
15440,0.0,0
15443,0.0,0
15444,0.0,0
15449,0.0,0
15450,0.0,0
15452,0.0,0
14243,0.0,0
14250,0.0,0
14251,0.0,0
15432,0.0,0
16899,0.0,0
16900,0.0,0
16903,0.0,0
15435,0.0,0
15436,0.0,0
14277,0.0,0
14282,0.0,0
14284,0.0,0
14285,0.0,0
14286,0.0,0
14287,0.0,0
14289,0.0,0
14258,0.0,0
14261,0.0,0
14305,0.0,0
13268,0.0,0
13269,0.0,0
13271,0.0,0
13272,0.0,0
13267,0.0,0
16923,0.0,0
16924,0.0,0
16929,0.0,0
16930,0.0,0
16931,0.0,0
16932,0.0,0
16933,0.0,0
16934,0.0,0
16936,0.0,0
16938,0.0,0
16940,0.0,0
16942,0.0,0
16945,0.0,0
16918,0.0,0
15434,0.0,0
15407,0.0,0
15411,0.0,0
15414,0.0,0
15416,0.0,0
15419,0.0,0
15421,0.0,0
15423,0.0,0
15394,0.0,0
15398,0.0,0
16953,0.0,0
16954,0.0,0
13255,0.0,0
13258,0.0,0
13263,0.0,0
13265,0.0,0
13266,0.0,0
16987,0.0,0
13225,0.0,0
13230,0.0,0
13232,0.0,0
16960,0.0,0
16966,0.0,0
16968,0.0,0
13236,0.0,0
13238,0.0,0
13245,0.0,0
13246,0.0,0
13247,0.0,0
16971,0.0,0
16949,0.0,0
16950,0.0,0
15406,0.0,0
16979,0.0,0
15399,0.0,0
14290,0.0,0
14291,0.0,0
14292,0.0,0
14293,0.0,0
14295,0.0,0
14297,0.0,0
14298,0.0,0
14299,0.0,0
14317,0.0,0
14321,0.0,0
16982,0.0,0
16983,0.0,0
16985,0.0,0
16986,0.0,0
13211,0.0,0
13212,0.0,0
13213,0.0,0
16988,0.0,0
16989,0.0,0
16992,0.0,0
16996,0.0,0
16999,0.0,0
17001,0.0,0
17004,0.0,0
17006,0.0,0
17007,0.0,0
17010,0.0,0
17011,0.0,0
17014,0.0,0
17015,0.0,0
17017,0.0,0
17019,0.0,0
15373,0.0,0
15376,0.0,0
15380,0.0,0
15382,0.0,0
15385,0.0,0
15392,0.0,0
15393,0.0,0
15355,0.0,0
15356,0.0,0
15358,0.0,0
13203,0.0,0
13207,0.0,0
13208,0.0,0
13209,0.0,0
15365,0.0,0
15366,0.0,0
15367,0.0,0
15368,0.0,0
15370,0.0,0
14306,0.0,0
14309,0.0,0
14312,0.0,0
15341,0.0,0
17031,0.0,0
17034,0.0,0
17038,0.0,0
17041,0.0,0
17042,0.0,0
17043,0.0,0
17044,0.0,0
14332,0.0,0
14334,0.0,0
14335,0.0,0
14362,0.0,0
17049,0.0,0
17052,0.0,0
17054,0.0,0
13186,0.0,0
13188,0.0,0
13189,0.0,0
13196,0.0,0
13198,0.0,0
13199,0.0,0
17024,0.0,0
17025,0.0,0
15360,0.0,0
13183,0.0,0
13200,0.0,0
17059,0.0,0
17063,0.0,0
17064,0.0,0
17069,0.0,0
17071,0.0,0
17073,0.0,0
17075,0.0,0
17076,0.0,0
17079,0.0,0
17080,0.0,0
15344,0.0,0
15345,0.0,0
15351,0.0,0
14329,0.0,0
17101,0.0,0
13155,0.0,0
13157,0.0,0
13159,0.0,0
13160,0.0,0
17081,0.0,0
17082,0.0,0
17084,0.0,0
17086,0.0,0
13170,0.0,0
13171,0.0,0
13173,0.0,0
13174,0.0,0
13176,0.0,0
13178,0.0,0
13182,0.0,0
15330,0.0,0
15335,0.0,0
14341,0.0,0
14342,0.0,0
14345,0.0,0
14349,0.0,0
14354,0.0,0
14382,0.0,0
14383,0.0,0
14385,0.0,0
17091,0.0,0
17092,0.0,0
17095,0.0,0
17096,0.0,0
17097,0.0,0
17100,0.0,0
17139,0.0,0
13165,0.0,0
13167,0.0,0
13168,0.0,0
17107,0.0,0
17109,0.0,0
17111,0.0,0
17114,0.0,0
17115,0.0,0
17125,0.0,0
17131,0.0,0
13184,0.0,0
17088,0.0,0
17090,0.0,0
15327,0.0,0
15329,0.0,0
15311,0.0,0
15312,0.0,0
15318,0.0,0
15320,0.0,0
14357,0.0,0
14359,0.0,0
14360,0.0,0
15298,0.0,0
13139,0.0,0
13141,0.0,0
13142,0.0,0
13145,0.0,0
13147,0.0,0
13148,0.0,0
13149,0.0,0
13153,0.0,0
17160,0.0,0
17163,0.0,0
17164,0.0,0
17166,0.0,0
13107,0.0,0
13110,0.0,0
17144,0.0,0
17147,0.0,0
17148,0.0,0
13126,0.0,0
13131,0.0,0
13136,0.0,0
13137,0.0,0
17135,0.0,0
13138,0.0,0
14387,0.0,0
15306,0.0,0
14388,0.0,0
14389,0.0,0
14390,0.0,0
14395,0.0,0
14396,0.0,0
14397,0.0,0
14401,0.0,0
14379,0.0,0
14381,0.0,0
14416,0.0,0
14418,0.0,0
14419,0.0,0
17157,0.0,0
17158,0.0,0
17159,0.0,0
17201,0.0,0
13115,0.0,0
13117,0.0,0
13118,0.0,0
17169,0.0,0
17173,0.0,0
17175,0.0,0
17181,0.0,0
17183,0.0,0
17186,0.0,0
17188,0.0,0
17190,0.0,0
17191,0.0,0
17153,0.0,0
17154,0.0,0
17155,0.0,0
15277,0.0,0
15281,0.0,0
15286,0.0,0
15287,0.0,0
15288,0.0,0
15289,0.0,0
15290,0.0,0
15291,0.0,0
15297,0.0,0
15267,0.0,0
13089,0.0,0
13094,0.0,0
13097,0.0,0
13098,0.0,0
13102,0.0,0
13104,0.0,0
13069,0.0,0
17203,0.0,0
17205,0.0,0
17206,0.0,0
17211,0.0,0
17213,0.0,0
13077,0.0,0
13078,0.0,0
13079,0.0,0
13081,0.0,0
13083,0.0,0
17218,0.0,0
17193,0.0,0
17197,0.0,0
17198,0.0,0
15275,0.0,0
15271,0.0,0
15272,0.0,0
15274,0.0,0
14404,0.0,0
14408,0.0,0
14409,0.0,0
14412,0.0,0
14415,0.0,0
17222,0.0,0
17227,0.0,0
17228,0.0,0
17231,0.0,0
13058,0.0,0
13061,0.0,0
13064,0.0,0
13066,0.0,0
15251,0.0,0
15252,0.0,0
15253,0.0,0
15255,0.0,0
15237,0.0,0
17237,0.0,0
17238,0.0,0
17243,0.0,0
17244,0.0,0
17247,0.0,0
17250,0.0,0
17253,0.0,0
17219,0.0,0
17220,0.0,0
15269,0.0,0
15270,0.0,0
13028,0.0,0
13029,0.0,0
13030,0.0,0
13032,0.0,0
13034,0.0,0
17254,0.0,0
17255,0.0,0
17262,0.0,0
13040,0.0,0
13046,0.0,0
13047,0.0,0
13048,0.0,0
13050,0.0,0
17233,0.0,0
17235,0.0,0
15249,0.0,0
17288,0.0,0
17289,0.0,0
17290,0.0,0
17293,0.0,0
17295,0.0,0
13012,0.0,0
13013,0.0,0
13014,0.0,0
13015,0.0,0
13016,0.0,0
13017,0.0,0
17266,0.0,0
17272,0.0,0
17274,0.0,0
17279,0.0,0
13026,0.0,0
15238,0.0,0
15239,0.0,0
15240,0.0,0
15241,0.0,0
14421,0.0,0
14422,0.0,0
14424,0.0,0
14426,0.0,0
14427,0.0,0
14428,0.0,0
14432,0.0,0
14434,0.0,0
15218,0.0,0
15220,0.0,0
17286,0.0,0
17287,0.0,0
14443,0.0,0
14446,0.0,0
14447,0.0,0
14448,0.0,0
14449,0.0,0
15227,0.0,0
14466,0.0,0
14467,0.0,0
13023,0.0,0
17297,0.0,0
17299,0.0,0
17302,0.0,0
17306,0.0,0
17314,0.0,0
17315,0.0,0
17317,0.0,0
15203,0.0,0
15206,0.0,0
15208,0.0,0
15211,0.0,0
15214,0.0,0
15215,0.0,0
17324,0.0,0
12993,0.0,0
12994,0.0,0
13001,0.0,0
13004,0.0,0
17329,0.0,0
13018,0.0,0
13021,0.0,0
14440,0.0,0
14441,0.0,0
15194,0.0,0
14452,0.0,0
14456,0.0,0
14499,0.0,0
15163,0.0,0
17338,0.0,0
17340,0.0,0
12981,0.0,0
12984,0.0,0
12985,0.0,0
12989,0.0,0
12990,0.0,0
17321,0.0,0
17323,0.0,0
15197,0.0,0
15199,0.0,0
17379,0.0,0
17381,0.0,0
17344,0.0,0
17345,0.0,0
17346,0.0,0
17348,0.0,0
17350,0.0,0
17354,0.0,0
17359,0.0,0
12962,0.0,0
12963,0.0,0
15184,0.0,0
15185,0.0,0
15186,0.0,0
15187,0.0,0
15189,0.0,0
12949,0.0,0
12950,0.0,0
12951,0.0,0
12952,0.0,0
12966,0.0,0
12970,0.0,0
12971,0.0,0
17360,0.0,0
17361,0.0,0
17364,0.0,0
17365,0.0,0
17368,0.0,0
17371,0.0,0
17372,0.0,0
17373,0.0,0
17377,0.0,0
17384,0.0,0
15172,0.0,0
14470,0.0,0
14474,0.0,0
14477,0.0,0
14480,0.0,0
14482,0.0,0
15179,0.0,0
15153,0.0,0
15156,0.0,0
17385,0.0,0
17386,0.0,0
17387,0.0,0
17389,0.0,0
12944,0.0,0
12948,0.0,0
17423,0.0,0
17426,0.0,0
17428,0.0,0
17430,0.0,0
12953,0.0,0
12955,0.0,0
12957,0.0,0
17396,0.0,0
17397,0.0,0
17402,0.0,0
17403,0.0,0
17404,0.0,0
17405,0.0,0
17410,0.0,0
17411,0.0,0
17383,0.0,0
17412,0.0,0
15157,0.0,0
15159,0.0,0
14484,0.0,0
14485,0.0,0
14493,0.0,0
14494,0.0,0
14495,0.0,0
14498,0.0,0
14508,0.0,0
14511,0.0,0
17416,0.0,0
17418,0.0,0
17419,0.0,0
17420,0.0,0
17422,0.0,0
12935,0.0,0
12936,0.0,0
12937,0.0,0
12938,0.0,0
12939,0.0,0
12940,0.0,0
17461,0.0,0
17432,0.0,0
17434,0.0,0
17436,0.0,0
17442,0.0,0
17447,0.0,0
17449,0.0,0
17450,0.0,0
17451,0.0,0
17453,0.0,0
17458,0.0,0
17459,0.0,0
15132,0.0,0
15134,0.0,0
15136,0.0,0
15140,0.0,0
15144,0.0,0
15145,0.0,0
15148,0.0,0
15150,0.0,0
15152,0.0,0
15121,0.0,0
15123,0.0,0
12928,0.0,0
12931,0.0,0
12933,0.0,0
17491,0.0,0
12895,0.0,0
12901,0.0,0
12904,0.0,0
12906,0.0,0
12909,0.0,0
17463,0.0,0
17468,0.0,0
17469,0.0,0
17470,0.0,0
17475,0.0,0
12912,0.0,0
12913,0.0,0
12919,0.0,0
12920,0.0,0
12921,0.0,0
17516,0.0,0
12923,0.0,0
15124,0.0,0
15125,0.0,0
14502,0.0,0
14503,0.0,0
14504,0.0,0
14505,0.0,0
14506,0.0,0
14507,0.0,0
14530,0.0,0
15099,0.0,0
17481,0.0,0
17483,0.0,0
17489,0.0,0
17490,0.0,0
17522,0.0,0
17523,0.0,0
12882,0.0,0
12883,0.0,0
12890,0.0,0
12893,0.0,0
17526,0.0,0
17527,0.0,0
12910,0.0,0
17495,0.0,0
17500,0.0,0
17503,0.0,0
17510,0.0,0
17511,0.0,0
17512,0.0,0
17515,0.0,0
17520,0.0,0
17521,0.0,0
15101,0.0,0
15103,0.0,0
15105,0.0,0
15106,0.0,0
15110,0.0,0
15111,0.0,0
15113,0.0,0
15114,0.0,0
15115,0.0,0
15116,0.0,0
15117,0.0,0
15088,0.0,0
15089,0.0,0
15091,0.0,0
14517,0.0,0
14520,0.0,0
14522,0.0,0
14524,0.0,0
14525,0.0,0
14527,0.0,0
15078,0.0,0
15081,0.0,0
17534,0.0,0
17537,0.0,0
17538,0.0,0
17540,0.0,0
12863,0.0,0
12867,0.0,0
12877,0.0,0
17519,0.0,0
12832,0.0,0
12836,0.0,0
12838,0.0,0
12839,0.0,0
12841,0.0,0
17545,0.0,0
17549,0.0,0
17554,0.0,0
17555,0.0,0
17557,0.0,0
12847,0.0,0
17528,0.0,0
17530,0.0,0
15093,0.0,0
15096,0.0,0
15097,0.0,0
17581,0.0,0
17584,0.0,0
12820,0.0,0
12822,0.0,0
12824,0.0,0
12826,0.0,0
12827,0.0,0
12828,0.0,0
12856,0.0,0
17561,0.0,0
17562,0.0,0
17564,0.0,0
17566,0.0,0
17567,0.0,0
17571,0.0,0
17573,0.0,0
15073,0.0,0
15075,0.0,0
14533,0.0,0
14534,0.0,0
14537,0.0,0
14539,0.0,0
14540,0.0,0
14541,0.0,0
14543,0.0,0
14544,0.0,0
14546,0.0,0
14547,0.0,0
15053,0.0,0
15054,0.0,0
15058,0.0,0
17576,0.0,0
12795,0.0,0
12830,0.0,0
17590,0.0,0
17593,0.0,0
17595,0.0,0
17596,0.0,0
17600,0.0,0
17602,0.0,0
17603,0.0,0
12808,0.0,0
17608,0.0,0
12842,0.0,0
15059,0.0,0
15060,0.0,0
15061,0.0,0
15065,0.0,0
14555,0.0,0
14557,0.0,0
14560,0.0,0
14562,0.0,0
15051,0.0,0
15028,0.0,0
15030,0.0,0
17612,0.0,0
17613,0.0,0
17614,0.0,0
17618,0.0,0
17621,0.0,0
12783,0.0,0
12784,0.0,0
12787,0.0,0
12794,0.0,0
17659,0.0,0
17623,0.0,0
17624,0.0,0
17625,0.0,0
17629,0.0,0
17631,0.0,0
17633,0.0,0
17634,0.0,0
17636,0.0,0
17637,0.0,0
17644,0.0,0
17611,0.0,0
14550,0.0,0
14551,0.0,0
14553,0.0,0
14554,0.0,0
17675,0.0,0
17676,0.0,0
17677,0.0,0
17679,0.0,0
17650,0.0,0
17651,0.0,0
17652,0.0,0
17653,0.0,0
17655,0.0,0
17656,0.0,0
12772,0.0,0
12775,0.0,0
12778,0.0,0
12779,0.0,0
12782,0.0,0
17658,0.0,0
15031,0.0,0
15033,0.0,0
15034,0.0,0
15038,0.0,0
15039,0.0,0
15043,0.0,0
15044,0.0,0
15046,0.0,0
15005,0.0,0
15006,0.0,0
17666,0.0,0
17668,0.0,0
17669,0.0,0
17671,0.0,0
17672,0.0,0
17673,0.0,0
12747,0.0,0
12748,0.0,0
12749,0.0,0
17706,0.0,0
17682,0.0,0
17684,0.0,0
17685,0.0,0
17686,0.0,0
12753,0.0,0
12757,0.0,0
12759,0.0,0
12762,0.0,0
12766,0.0,0
17690,0.0,0
17663,0.0,0
17664,0.0,0
15018,0.0,0
15021,0.0,0
15022,0.0,0
15023,0.0,0
15024,0.0,0
15025,0.0,0
15026,0.0,0
14594,0.0,0
14595,0.0,0
17696,0.0,0
17700,0.0,0
17702,0.0,0
17703,0.0,0
17705,0.0,0
12739,0.0,0
12740,0.0,0
14577,0.0,0
14578,0.0,0
14974,0.0,0
14975,0.0,0
17716,0.0,0
17719,0.0,0
17720,0.0,0
17724,0.0,0
17725,0.0,0
17727,0.0,0
17730,0.0,0
17733,0.0,0
15009,0.0,0
15010,0.0,0
15012,0.0,0
15017,0.0,0
17734,0.0,0
17735,0.0,0
17736,0.0,0
17737,0.0,0
12720,0.0,0
12721,0.0,0
12722,0.0,0
12723,0.0,0
12724,0.0,0
12726,0.0,0
12727,0.0,0
14995,0.0,0
15000,0.0,0
14567,0.0,0
14569,0.0,0
14572,0.0,0
12712,0.0,0
12713,0.0,0
12714,0.0,0
12716,0.0,0
17738,0.0,0
17739,0.0,0
17744,0.0,0
17750,0.0,0
17754,0.0,0
17757,0.0,0
17758,0.0,0
17759,0.0,0
17760,0.0,0
17761,0.0,0
17764,0.0,0
17768,0.0,0
14976,0.0,0
14984,0.0,0
14581,0.0,0
14582,0.0,0
14583,0.0,0
14585,0.0,0
14587,0.0,0
14591,0.0,0
14592,0.0,0
14593,0.0,0
14961,0.0,0
14963,0.0,0
12704,0.0,0
12705,0.0,0
12708,0.0,0
12709,0.0,0
17797,0.0,0
17799,0.0,0
17800,0.0,0
17806,0.0,0
17809,0.0,0
17811,0.0,0
17779,0.0,0
17785,0.0,0
12689,0.0,0
12691,0.0,0
12694,0.0,0
12695,0.0,0
12697,0.0,0
12700,0.0,0
17769,0.0,0
12702,0.0,0
14966,0.0,0
14967,0.0,0
14968,0.0,0
14970,0.0,0
14597,0.0,0
14601,0.0,0
14606,0.0,0
14607,0.0,0
14608,0.0,0
14971,0.0,0
14623,0.0,0
14624,0.0,0
14626,0.0,0
17791,0.0,0
17793,0.0,0
17796,0.0,0
17812,0.0,0
17813,0.0,0
17816,0.0,0
17817,0.0,0
12670,0.0,0
12673,0.0,0
12674,0.0,0
12676,0.0,0
12678,0.0,0
12679,0.0,0
12680,0.0,0
12681,0.0,0
12682,0.0,0
12683,0.0,0
12684,0.0,0
12685,0.0,0
17852,0.0,0
17856,0.0,0
17819,0.0,0
17824,0.0,0
17827,0.0,0
17828,0.0,0
17830,0.0,0
17832,0.0,0
12656,0.0,0
12657,0.0,0
12658,0.0,0
12659,0.0,0
12660,0.0,0
12662,0.0,0
12664,0.0,0
12667,0.0,0
14944,0.0,0
14946,0.0,0
14947,0.0,0
14948,0.0,0
14950,0.0,0
14953,0.0,0
14954,0.0,0
14960,0.0,0
14640,0.0,0
14641,0.0,0
14642,0.0,0
17836,0.0,0
17837,0.0,0
17838,0.0,0
17841,0.0,0
17848,0.0,0
12630,0.0,0
12631,0.0,0
12633,0.0,0
17858,0.0,0
17861,0.0,0
17863,0.0,0
17864,0.0,0
17865,0.0,0
12638,0.0,0
12640,0.0,0
12642,0.0,0
12645,0.0,0
12646,0.0,0
12647,0.0,0
12668,0.0,0
17835,0.0,0
14929,0.0,0
14931,0.0,0
14934,0.0,0
14936,0.0,0
14937,0.0,0
14618,0.0,0
14621,0.0,0
14904,0.0,0
14907,0.0,0
17867,0.0,0
17870,0.0,0
17873,0.0,0
17878,0.0,0
12626,0.0,0
12627,0.0,0
12628,0.0,0
12618,0.0,0
12619,0.0,0
12620,0.0,0
17883,0.0,0
17884,0.0,0
17885,0.0,0
17886,0.0,0
17888,0.0,0
17892,0.0,0
17895,0.0,0
17896,0.0,0
17901,0.0,0
17904,0.0,0
12650,0.0,0
14921,0.0,0
14923,0.0,0
14913,0.0,0
14629,0.0,0
14631,0.0,0
14636,0.0,0
14638,0.0,0
14639,0.0,0
14898,0.0,0
14902,0.0,0
17914,0.0,0
12607,0.0,0
12609,0.0,0
12610,0.0,0
12611,0.0,0
12613,0.0,0
12615,0.0,0
12617,0.0,0
17949,0.0,0
12621,0.0,0
17917,0.0,0
17920,0.0,0
17924,0.0,0
17928,0.0,0
17930,0.0,0
17932,0.0,0
17934,0.0,0
17936,0.0,0
17937,0.0,0
17911,0.0,0
17913,0.0,0
14910,0.0,0
14911,0.0,0
14912,0.0,0
14649,0.0,0
14653,0.0,0
14655,0.0,0
14657,0.0,0
14658,0.0,0
14659,0.0,0
14673,0.0,0
14675,0.0,0
17947,0.0,0
12594,0.0,0
12596,0.0,0
12597,0.0,0
12598,0.0,0
12600,0.0,0
12602,0.0,0
12603,0.0,0
12560,0.0,0
17950,0.0,0
17951,0.0,0
17954,0.0,0
17961,0.0,0
17964,0.0,0
17965,0.0,0
17966,0.0,0
17973,0.0,0
17974,0.0,0
17975,0.0,0
17977,0.0,0
17942,0.0,0
14903,0.0,0
14644,0.0,0
14646,0.0,0
17985,0.0,0
17986,0.0,0
12544,0.0,0
12546,0.0,0
17979,0.0,0
12576,0.0,0
12577,0.0,0
12579,0.0,0
12581,0.0,0
12583,0.0,0
12584,0.0,0
12586,0.0,0
12587,0.0,0
12588,0.0,0
12589,0.0,0
12558,0.0,0
12566,0.0,0
12567,0.0,0
14878,0.0,0
14880,0.0,0
14881,0.0,0
14882,0.0,0
14883,0.0,0
14893,0.0,0
14895,0.0,0
14897,0.0,0
14861,0.0,0
14862,0.0,0
14863,0.0,0
12569,0.0,0
12571,0.0,0
12572,0.0,0
12531,0.0,0
12532,0.0,0
12538,0.0,0
12539,0.0,0
12540,0.0,0
12541,0.0,0
18030,0.0,0
12552,0.0,0
12553,0.0,0
17999,0.0,0
18001,0.0,0
18006,0.0,0
18014,0.0,0
18015,0.0,0
18016,0.0,0
12562,0.0,0
18022,0.0,0
14865,0.0,0
14866,0.0,0
14868,0.0,0
14869,0.0,0
14871,0.0,0
14661,0.0,0
14662,0.0,0
14664,0.0,0
14666,0.0,0
14667,0.0,0
14691,0.0,0
14841,0.0,0
12526,0.0,0
12528,0.0,0
12530,0.0,0
14842,0.0,0
14849,0.0,0
14851,0.0,0
14852,0.0,0
14853,0.0,0
14856,0.0,0
14857,0.0,0
14859,0.0,0
14860,0.0,0
14824,0.0,0
18040,0.0,0
18041,0.0,0
18042,0.0,0
18043,0.0,0
12516,0.0,0
12517,0.0,0
14834,0.0,0
14836,0.0,0
14676,0.0,0
14680,0.0,0
14688,0.0,0
14808,0.0,0
14810,0.0,0
12522,0.0,0
12523,0.0,0
12524,0.0,0
18055,0.0,0
18058,0.0,0
18059,0.0,0
12494,0.0,0
18034,0.0,0
18035,0.0,0
12488,0.0,0
12490,0.0,0
12491,0.0,0
12498,0.0,0
12500,0.0,0
12504,0.0,0
18061,0.0,0
18065,0.0,0
18066,0.0,0
18067,0.0,0
18069,0.0,0
18075,0.0,0
18077,0.0,0
12518,0.0,0
14829,0.0,0
14830,0.0,0
12462,0.0,0
12463,0.0,0
12464,0.0,0
12465,0.0,0
12471,0.0,0
12472,0.0,0
12473,0.0,0
18081,0.0,0
18082,0.0,0
18084,0.0,0
12478,0.0,0
12479,0.0,0
12480,0.0,0
12481,0.0,0
12483,0.0,0
12484,0.0,0
12492,0.0,0
14815,0.0,0
14820,0.0,0
14696,0.0,0
14698,0.0,0
14701,0.0,0
14702,0.0,0
14703,0.0,0
14704,0.0,0
14804,0.0,0
18096,0.0,0
18097,0.0,0
18101,0.0,0
18102,0.0,0
18104,0.0,0
18105,0.0,0
12448,0.0,0
12449,0.0,0
12451,0.0,0
12452,0.0,0
12455,0.0,0
12456,0.0,0
12474,0.0,0
12475,0.0,0
12476,0.0,0
18109,0.0,0
18110,0.0,0
18112,0.0,0
18117,0.0,0
18118,0.0,0
18122,0.0,0
18123,0.0,0
14805,0.0,0
14708,0.0,0
14709,0.0,0
14710,0.0,0
14711,0.0,0
14712,0.0,0
14713,0.0,0
14714,0.0,0
14715,0.0,0
14716,0.0,0
14719,0.0,0
14720,0.0,0
14723,0.0,0
14776,0.0,0
14780,0.0,0
12446,0.0,0
12438,0.0,0
12442,0.0,0
12444,0.0,0
18144,0.0,0
18145,0.0,0
18147,0.0,0
18149,0.0,0
18150,0.0,0
18154,0.0,0
18156,0.0,0
18158,0.0,0
18160,0.0,0
18164,0.0,0
18167,0.0,0
18130,0.0,0
18135,0.0,0
14790,0.0,0
14793,0.0,0
14794,0.0,0
14796,0.0,0
14798,0.0,0
14799,0.0,0
14800,0.0,0
14765,0.0,0
14766,0.0,0
14768,0.0,0
18172,0.0,0
12430,0.0,0
12431,0.0,0
12432,0.0,0
12433,0.0,0
12437,0.0,0
18205,0.0,0
18209,0.0,0
12445,0.0,0
18174,0.0,0
18177,0.0,0
18179,0.0,0
18180,0.0,0
18181,0.0,0
18184,0.0,0
18188,0.0,0
18198,0.0,0
18170,0.0,0
18171,0.0,0
14785,0.0,0
14788,0.0,0
14789,0.0,0
14730,0.0,0
14731,0.0,0
14732,0.0,0
14733,0.0,0
14735,0.0,0
14738,0.0,0
14739,0.0,0
14775,0.0,0
14741,0.0,0
14744,0.0,0
12417,0.0,0
12421,0.0,0
12423,0.0,0
12427,0.0,0
12428,0.0,0
12429,0.0,0
12384,0.0,0
12388,0.0,0
12391,0.0,0
18215,0.0,0
18216,0.0,0
18217,0.0,0
18219,0.0,0
12398,0.0,0
12403,0.0,0
12406,0.0,0
12407,0.0,0
12408,0.0,0
18221,0.0,0
12415,0.0,0
14769,0.0,0
14725,0.0,0
12362,0.0,0
12375,0.0,0
12352,0.0,0
18237,0.0,0
18240,0.0,0
18245,0.0,0
18246,0.0,0
18249,0.0,0
18252,0.0,0
12367,0.0,0
12370,0.0,0
12371,0.0,0
18223,0.0,0
18225,0.0,0
14748,0.0,0
14752,0.0,0
13939,0.0,0
13940,0.0,0
13941,0.0,0
13946,0.0,0
13949,0.0,0
13950,0.0,0
15910,0.0,0
12380,0.0,0
18257,0.0,0
18259,0.0,0
18261,0.0,0
18263,0.0,0
12347,0.0,0
12358,0.0,0
12395,0.0,0
12397,0.0,0
