Customer ID,Cluster,Cluster_Name
12346,0,Standard
12347,3,Inactive
12348,3,Inactive
12349,3,Inactive
12350,1,Emerging
12351,1,Emerging
12352,3,Inactive
12353,3,Inactive
12354,1,Emerging
12355,3,Inactive
12356,3,Inactive
12357,3,Inactive
12358,3,Inactive
12359,0,Standard
12360,3,Inactive
12361,3,Inactive
12362,0,Standard
12363,1,Emerging
12364,1,Emerging
12365,1,Emerging
12366,1,Emerging
12367,1,Emerging
12368,1,Emerging
12369,1,Emerging
12370,3,Inactive
12371,3,Inactive
12372,3,Inactive
12373,3,Inactive
12374,3,Inactive
12375,1,Emerging
12376,1,Emerging
12377,3,Inactive
12378,3,Inactive
12379,3,Inactive
12380,3,Inactive
12381,1,Emerging
12383,1,Emerging
12384,1,Emerging
12385,1,Emerging
12386,1,Emerging
12387,1,Emerging
12388,3,Inactive
12389,1,Emerging
12390,1,Emerging
12391,3,Inactive
12392,1,Emerging
12393,3,Inactive
12394,3,Inactive
12395,3,Inactive
12396,1,Emerging
12397,1,Emerging
12398,1,Emerging
12399,3,Inactive
12400,1,Emerging
12401,1,Emerging
12402,1,Emerging
12403,3,Inactive
12404,1,Emerging
12405,1,Emerging
12406,3,Inactive
12407,3,Inactive
12408,3,Inactive
12409,3,Inactive
12410,1,Emerging
12411,1,Emerging
12412,3,Inactive
12413,3,Inactive
12414,1,Emerging
12415,0,Standard
12416,1,Emerging
12417,0,Standard
12418,3,Inactive
12419,1,Emerging
12420,1,Emerging
12421,3,Inactive
12422,3,Inactive
12423,3,Inactive
12424,3,Inactive
12425,3,Inactive
12426,3,Inactive
12427,3,Inactive
12428,0,Standard
12429,3,Inactive
12430,1,Emerging
12431,0,Standard
12432,1,Emerging
12433,0,Standard
12434,3,Inactive
12435,3,Inactive
12436,1,Emerging
12437,0,Standard
12438,3,Inactive
12439,1,Emerging
12440,3,Inactive
12441,1,Emerging
12442,1,Emerging
12443,1,Emerging
12444,1,Emerging
12445,3,Inactive
12446,1,Emerging
12447,1,Emerging
12448,1,Emerging
12449,3,Inactive
12450,3,Inactive
12451,0,Standard
12452,1,Emerging
12453,1,Emerging
12454,3,Inactive
12455,3,Inactive
12456,3,Inactive
12457,3,Inactive
12458,3,Inactive
12459,1,Emerging
12460,1,Emerging
12461,1,Emerging
12462,3,Inactive
12463,3,Inactive
12464,3,Inactive
12465,3,Inactive
12466,1,Emerging
12467,1,Emerging
12468,3,Inactive
12469,1,Emerging
12470,1,Emerging
12471,0,Standard
12472,0,Standard
12473,1,Emerging
12474,0,Standard
12475,3,Inactive
12476,0,Standard
12477,0,Standard
12478,1,Emerging
12479,1,Emerging
12480,3,Inactive
12481,0,Standard
12482,1,Emerging
12483,3,Inactive
12484,0,Standard
12485,1,Emerging
12486,1,Emerging
12487,1,Emerging
12488,1,Emerging
12489,1,Emerging
12490,0,Standard
12491,1,Emerging
12492,3,Inactive
12493,1,Emerging
12494,3,Inactive
12495,1,Emerging
12496,1,Emerging
12497,3,Inactive
12498,1,Emerging
12499,1,Emerging
12500,3,Inactive
12501,1,Emerging
12502,3,Inactive
12503,1,Emerging
12504,3,Inactive
12505,1,Emerging
12506,1,Emerging
12507,3,Inactive
12508,1,Emerging
12509,1,Emerging
12510,3,Inactive
12511,1,Emerging
12512,1,Emerging
12513,1,Emerging
12514,3,Inactive
12515,1,Emerging
12516,3,Inactive
12517,3,Inactive
12518,1,Emerging
12519,3,Inactive
12520,3,Inactive
12521,1,Emerging
12522,1,Emerging
12523,0,Standard
12524,0,Standard
12525,1,Emerging
12526,1,Emerging
12527,3,Inactive
12528,3,Inactive
12529,1,Emerging
12530,3,Inactive
12531,3,Inactive
12532,1,Emerging
12533,1,Emerging
12534,1,Emerging
12535,1,Emerging
12536,1,Emerging
12537,1,Emerging
12538,3,Inactive
12539,0,Standard
12540,0,Standard
12541,3,Inactive
12542,1,Emerging
12543,1,Emerging
12544,1,Emerging
12545,3,Inactive
12546,1,Emerging
12547,3,Inactive
12548,1,Emerging
12549,1,Emerging
12550,1,Emerging
12551,1,Emerging
12552,1,Emerging
12553,3,Inactive
12554,1,Emerging
12555,1,Emerging
12556,1,Emerging
12557,3,Inactive
12558,1,Emerging
12559,1,Emerging
12560,3,Inactive
12561,1,Emerging
12562,3,Inactive
12563,1,Emerging
12564,1,Emerging
12565,1,Emerging
12566,1,Emerging
12567,0,Standard
12568,1,Emerging
12569,0,Standard
12570,1,Emerging
12571,1,Emerging
12572,1,Emerging
12573,1,Emerging
12574,1,Emerging
12575,1,Emerging
12576,3,Inactive
12577,0,Standard
12578,3,Inactive
12579,1,Emerging
12580,3,Inactive
12581,1,Emerging
12582,3,Inactive
12583,0,Standard
12584,3,Inactive
12585,1,Emerging
12586,3,Inactive
12587,1,Emerging
12588,3,Inactive
12589,3,Inactive
12590,1,Emerging
12591,1,Emerging
12592,3,Inactive
12593,1,Emerging
12594,3,Inactive
12595,1,Emerging
12596,3,Inactive
12597,3,Inactive
12598,3,Inactive
12599,3,Inactive
12600,3,Inactive
12601,1,Emerging
12602,1,Emerging
12603,1,Emerging
12604,3,Inactive
12605,1,Emerging
12606,1,Emerging
12607,1,Emerging
12608,1,Emerging
12609,3,Inactive
12610,1,Emerging
12611,1,Emerging
12612,1,Emerging
12613,0,Standard
12614,1,Emerging
12615,3,Inactive
12616,3,Inactive
12617,1,Emerging
12618,1,Emerging
12619,3,Inactive
12620,3,Inactive
12621,0,Standard
12622,1,Emerging
12623,3,Inactive
12624,1,Emerging
12625,3,Inactive
12626,0,Standard
12627,1,Emerging
12628,1,Emerging
12629,1,Emerging
12630,1,Emerging
12631,3,Inactive
12632,1,Emerging
12633,3,Inactive
12634,1,Emerging
12635,3,Inactive
12636,1,Emerging
12637,0,Standard
12638,3,Inactive
12639,3,Inactive
12640,1,Emerging
12641,1,Emerging
12642,1,Emerging
12643,3,Inactive
12644,3,Inactive
12645,3,Inactive
12646,1,Emerging
12647,0,Standard
12648,3,Inactive
12649,3,Inactive
12650,1,Emerging
12651,1,Emerging
12652,1,Emerging
12653,3,Inactive
12654,3,Inactive
12655,1,Emerging
12656,3,Inactive
12657,1,Emerging
12658,1,Emerging
12659,1,Emerging
12660,1,Emerging
12661,1,Emerging
12662,0,Standard
12663,1,Emerging
12664,3,Inactive
12665,3,Inactive
12666,1,Emerging
12667,1,Emerging
12668,0,Standard
12669,1,Emerging
12670,3,Inactive
12671,1,Emerging
12672,3,Inactive
12673,3,Inactive
12674,1,Emerging
12675,1,Emerging
12676,3,Inactive
12677,1,Emerging
12678,0,Standard
12679,3,Inactive
12680,1,Emerging
12681,0,Standard
12682,0,Standard
12683,0,Standard
12684,1,Emerging
12685,1,Emerging
12686,1,Emerging
12687,1,Emerging
12688,1,Emerging
12689,1,Emerging
12690,1,Emerging
12691,3,Inactive
12692,1,Emerging
12693,3,Inactive
12694,3,Inactive
12695,3,Inactive
12696,1,Emerging
12697,1,Emerging
12698,1,Emerging
12699,1,Emerging
12700,3,Inactive
12701,3,Inactive
12702,1,Emerging
12703,3,Inactive
12704,1,Emerging
12705,0,Standard
12707,1,Emerging
12708,0,Standard
12709,0,Standard
12710,1,Emerging
12711,1,Emerging
12712,0,Standard
12713,1,Emerging
12714,0,Standard
12715,1,Emerging
12716,3,Inactive
12717,3,Inactive
12718,1,Emerging
12719,1,Emerging
12720,0,Standard
12721,3,Inactive
12722,1,Emerging
12723,1,Emerging
12724,3,Inactive
12725,1,Emerging
12726,3,Inactive
12727,3,Inactive
12728,3,Inactive
12729,1,Emerging
12730,1,Emerging
12731,0,Standard
12732,1,Emerging
12733,3,Inactive
12734,1,Emerging
12735,1,Emerging
12736,1,Emerging
12737,1,Emerging
12738,1,Emerging
12739,3,Inactive
12740,1,Emerging
12741,1,Emerging
12742,1,Emerging
12743,1,Emerging
12744,0,Standard
12745,1,Emerging
12746,1,Emerging
12747,0,Standard
12748,4,Frequent
12749,0,Standard
12750,1,Emerging
12751,1,Emerging
12752,1,Emerging
12753,3,Inactive
12754,1,Emerging
12755,3,Inactive
12756,1,Emerging
12757,0,Standard
12758,3,Inactive
12759,3,Inactive
12760,1,Emerging
12761,1,Emerging
12762,1,Emerging
12763,3,Inactive
12764,1,Emerging
12765,1,Emerging
12766,0,Standard
12767,1,Emerging
12768,1,Emerging
12769,1,Emerging
12770,3,Inactive
12771,1,Emerging
12772,1,Emerging
12773,1,Emerging
12774,1,Emerging
12775,3,Inactive
12776,1,Emerging
12777,1,Emerging
12778,3,Inactive
12779,3,Inactive
12780,1,Emerging
12781,3,Inactive
12782,3,Inactive
12783,1,Emerging
12784,3,Inactive
12785,3,Inactive
12786,1,Emerging
12787,3,Inactive
12788,1,Emerging
12789,3,Inactive
12790,3,Inactive
12791,1,Emerging
12792,3,Inactive
12793,1,Emerging
12794,1,Emerging
12795,1,Emerging
12796,1,Emerging
12797,1,Emerging
12798,3,Inactive
12799,1,Emerging
12800,1,Emerging
12801,1,Emerging
12802,3,Inactive
12803,1,Emerging
12804,1,Emerging
12805,1,Emerging
12806,1,Emerging
12807,1,Emerging
12808,3,Inactive
12809,3,Inactive
12810,1,Emerging
12811,1,Emerging
12812,1,Emerging
12813,1,Emerging
12814,1,Emerging
12815,1,Emerging
12816,1,Emerging
12817,1,Emerging
12818,1,Emerging
12819,1,Emerging
12820,3,Inactive
12821,3,Inactive
12822,1,Emerging
12823,3,Inactive
12824,1,Emerging
12825,1,Emerging
12826,3,Inactive
12827,1,Emerging
12828,1,Emerging
12829,1,Emerging
12830,1,Emerging
12831,1,Emerging
12832,1,Emerging
12833,1,Emerging
12834,1,Emerging
12835,0,Standard
12836,0,Standard
12837,3,Inactive
12838,0,Standard
12839,0,Standard
12840,3,Inactive
12841,0,Standard
12842,3,Inactive
12843,0,Standard
12844,3,Inactive
12845,1,Emerging
12846,1,Emerging
12847,3,Inactive
12848,1,Emerging
12849,3,Inactive
12850,1,Emerging
12851,3,Inactive
12852,1,Emerging
12853,3,Inactive
12854,3,Inactive
12855,1,Emerging
12856,1,Emerging
12857,3,Inactive
12858,1,Emerging
12859,1,Emerging
12860,1,Emerging
12861,1,Emerging
12862,1,Emerging
12863,3,Inactive
12864,3,Inactive
12865,3,Inactive
12866,1,Emerging
12867,0,Standard
12868,1,Emerging
12869,1,Emerging
12870,1,Emerging
12871,3,Inactive
12872,0,Standard
12873,3,Inactive
12874,1,Emerging
12875,3,Inactive
12876,3,Inactive
12877,0,Standard
12878,1,Emerging
12879,1,Emerging
12880,1,Emerging
12881,1,Emerging
12882,1,Emerging
12883,1,Emerging
12884,1,Emerging
12885,1,Emerging
12886,3,Inactive
12887,1,Emerging
12888,1,Emerging
12889,1,Emerging
12890,3,Inactive
12891,3,Inactive
12892,1,Emerging
12893,1,Emerging
12894,1,Emerging
12895,1,Emerging
12897,3,Inactive
12898,1,Emerging
12899,1,Emerging
12900,1,Emerging
12901,3,Inactive
12902,1,Emerging
12903,1,Emerging
12904,3,Inactive
12905,1,Emerging
12906,1,Emerging
12907,1,Emerging
12908,3,Inactive
12909,3,Inactive
12910,3,Inactive
12911,1,Emerging
12912,1,Emerging
12913,3,Inactive
12914,1,Emerging
12915,3,Inactive
12916,3,Inactive
12917,3,Inactive
12918,1,Emerging
12919,1,Emerging
12920,3,Inactive
12921,0,Standard
12922,1,Emerging
12923,3,Inactive
12924,3,Inactive
12925,3,Inactive
12926,3,Inactive
12927,1,Emerging
12928,3,Inactive
12929,1,Emerging
12930,1,Emerging
12931,0,Standard
12932,1,Emerging
12933,3,Inactive
12934,1,Emerging
12935,3,Inactive
12936,1,Emerging
12937,3,Inactive
12938,1,Emerging
12939,3,Inactive
12940,1,Emerging
12941,1,Emerging
12942,3,Inactive
12943,1,Emerging
12944,3,Inactive
12945,3,Inactive
12946,1,Emerging
12947,1,Emerging
12948,3,Inactive
12949,0,Standard
12950,1,Emerging
12951,3,Inactive
12952,1,Emerging
12953,3,Inactive
12954,1,Emerging
12955,3,Inactive
12956,3,Inactive
12957,0,Standard
12958,1,Emerging
12959,1,Emerging
12960,1,Emerging
12961,1,Emerging
12962,1,Emerging
12963,3,Inactive
12964,1,Emerging
12965,1,Emerging
12966,1,Emerging
12967,1,Emerging
12968,1,Emerging
12969,1,Emerging
12970,0,Standard
12971,0,Standard
12972,1,Emerging
12973,1,Emerging
12974,3,Inactive
12975,1,Emerging
12976,3,Inactive
12977,3,Inactive
12978,3,Inactive
12979,1,Emerging
12980,3,Inactive
12981,1,Emerging
12982,3,Inactive
12983,1,Emerging
12984,1,Emerging
12985,1,Emerging
12986,1,Emerging
12987,3,Inactive
12988,1,Emerging
12989,0,Standard
12990,3,Inactive
12991,3,Inactive
12992,1,Emerging
12993,3,Inactive
12994,3,Inactive
12995,1,Emerging
12996,1,Emerging
12997,3,Inactive
12998,1,Emerging
12999,1,Emerging
13000,3,Inactive
13001,0,Standard
13002,1,Emerging
13003,1,Emerging
13004,0,Standard
13005,3,Inactive
13006,1,Emerging
13007,1,Emerging
13008,3,Inactive
13009,1,Emerging
13010,3,Inactive
13011,1,Emerging
13012,3,Inactive
13013,0,Standard
13014,3,Inactive
13015,0,Standard
13016,1,Emerging
13017,1,Emerging
13018,0,Standard
13019,1,Emerging
13020,1,Emerging
13021,0,Standard
13022,1,Emerging
13023,3,Inactive
13024,1,Emerging
13025,1,Emerging
13026,3,Inactive
13027,3,Inactive
13028,1,Emerging
13029,3,Inactive
13030,3,Inactive
13031,1,Emerging
13032,3,Inactive
13033,1,Emerging
13034,3,Inactive
13035,3,Inactive
13036,1,Emerging
13037,3,Inactive
13038,3,Inactive
13039,1,Emerging
13040,1,Emerging
13041,1,Emerging
13042,1,Emerging
13043,1,Emerging
13044,0,Standard
13045,3,Inactive
13046,3,Inactive
13047,0,Standard
13048,3,Inactive
13049,3,Inactive
13050,0,Standard
13051,1,Emerging
13052,3,Inactive
13053,1,Emerging
13055,3,Inactive
13056,1,Emerging
13057,1,Emerging
13058,1,Emerging
13059,3,Inactive
13060,1,Emerging
13061,1,Emerging
13062,1,Emerging
13063,1,Emerging
13064,3,Inactive
13065,1,Emerging
13066,1,Emerging
13067,3,Inactive
13068,3,Inactive
13069,0,Standard
13070,3,Inactive
13071,1,Emerging
13072,1,Emerging
13073,1,Emerging
13074,1,Emerging
13075,1,Emerging
13076,1,Emerging
13077,0,Standard
13078,0,Standard
13079,3,Inactive
13080,3,Inactive
13081,0,Standard
13082,3,Inactive
13083,3,Inactive
13084,1,Emerging
13085,3,Inactive
13086,1,Emerging
13087,1,Emerging
13088,1,Emerging
13089,4,Frequent
13090,0,Standard
13091,3,Inactive
13092,3,Inactive
13093,0,Standard
13094,3,Inactive
13095,1,Emerging
13096,1,Emerging
13097,0,Standard
13098,0,Standard
13099,1,Emerging
13101,3,Inactive
13102,0,Standard
13103,3,Inactive
13104,3,Inactive
13105,1,Emerging
13106,3,Inactive
13107,3,Inactive
13108,1,Emerging
13109,3,Inactive
13110,3,Inactive
13111,1,Emerging
13112,1,Emerging
13113,0,Standard
13114,1,Emerging
13115,3,Inactive
13116,1,Emerging
13117,3,Inactive
13118,3,Inactive
13119,1,Emerging
13120,1,Emerging
13121,1,Emerging
13122,3,Inactive
13123,1,Emerging
13124,3,Inactive
13125,1,Emerging
13126,0,Standard
13127,1,Emerging
13128,1,Emerging
13129,1,Emerging
13130,1,Emerging
13131,3,Inactive
13132,1,Emerging
13133,1,Emerging
13134,3,Inactive
13135,3,Inactive
13136,0,Standard
13137,0,Standard
13138,3,Inactive
13139,3,Inactive
13140,3,Inactive
13141,0,Standard
13142,1,Emerging
13143,1,Emerging
13144,1,Emerging
13145,3,Inactive
13146,1,Emerging
13147,1,Emerging
13148,0,Standard
13149,3,Inactive
13150,1,Emerging
13151,3,Inactive
13152,1,Emerging
13153,1,Emerging
13154,3,Inactive
13155,3,Inactive
13156,3,Inactive
13157,3,Inactive
13158,3,Inactive
13159,1,Emerging
13160,1,Emerging
13161,1,Emerging
13162,0,Standard
13163,1,Emerging
13164,1,Emerging
13165,3,Inactive
13166,1,Emerging
13167,3,Inactive
13168,3,Inactive
13169,3,Inactive
13170,1,Emerging
13171,3,Inactive
13172,1,Emerging
13173,3,Inactive
13174,0,Standard
13175,1,Emerging
13176,1,Emerging
13177,3,Inactive
13178,0,Standard
13179,1,Emerging
13180,1,Emerging
13181,1,Emerging
13182,1,Emerging
13183,3,Inactive
13184,3,Inactive
13185,1,Emerging
13186,1,Emerging
13187,1,Emerging
13188,1,Emerging
13189,1,Emerging
13190,1,Emerging
13191,1,Emerging
13192,3,Inactive
13193,1,Emerging
13194,3,Inactive
13195,1,Emerging
13196,3,Inactive
13197,1,Emerging
13198,0,Standard
13199,0,Standard
13200,1,Emerging
13201,1,Emerging
13202,1,Emerging
13203,3,Inactive
13204,1,Emerging
13205,1,Emerging
13206,0,Standard
13207,3,Inactive
13208,3,Inactive
13209,0,Standard
13210,1,Emerging
13211,3,Inactive
13212,1,Emerging
13213,3,Inactive
13214,1,Emerging
13215,1,Emerging
13216,1,Emerging
13217,3,Inactive
13218,1,Emerging
13219,1,Emerging
13220,3,Inactive
13221,1,Emerging
13222,1,Emerging
13223,3,Inactive
13224,1,Emerging
13225,3,Inactive
13226,1,Emerging
13227,1,Emerging
13228,1,Emerging
13229,1,Emerging
13230,0,Standard
13232,3,Inactive
13233,3,Inactive
13234,1,Emerging
13235,1,Emerging
13236,1,Emerging
13237,1,Emerging
13238,3,Inactive
13239,1,Emerging
13240,3,Inactive
13241,1,Emerging
13242,3,Inactive
13243,3,Inactive
13244,1,Emerging
13245,3,Inactive
13246,0,Standard
13247,1,Emerging
13248,1,Emerging
13249,3,Inactive
13250,1,Emerging
13251,1,Emerging
13252,3,Inactive
13253,3,Inactive
13254,1,Emerging
13255,3,Inactive
13257,1,Emerging
13258,3,Inactive
13259,0,Standard
13260,1,Emerging
13261,1,Emerging
13262,3,Inactive
13263,0,Standard
13264,1,Emerging
13265,3,Inactive
13266,0,Standard
13267,0,Standard
13268,0,Standard
13269,0,Standard
13270,1,Emerging
13271,1,Emerging
13272,1,Emerging
13273,1,Emerging
13274,1,Emerging
13275,3,Inactive
13276,3,Inactive
13277,3,Inactive
13278,3,Inactive
13279,1,Emerging
13280,3,Inactive
13281,1,Emerging
13282,3,Inactive
13283,3,Inactive
13284,1,Emerging
13285,3,Inactive
13286,1,Emerging
13287,1,Emerging
13288,1,Emerging
13289,1,Emerging
13290,1,Emerging
13291,3,Inactive
13292,3,Inactive
13293,1,Emerging
13294,3,Inactive
13295,1,Emerging
13296,3,Inactive
13297,3,Inactive
13298,1,Emerging
13299,3,Inactive
13300,3,Inactive
13301,1,Emerging
13302,3,Inactive
13303,1,Emerging
13304,3,Inactive
13305,3,Inactive
13306,1,Emerging
13307,3,Inactive
13308,3,Inactive
13309,3,Inactive
13310,3,Inactive
13311,3,Inactive
13312,1,Emerging
13313,3,Inactive
13314,1,Emerging
13315,1,Emerging
13316,3,Inactive
13317,0,Standard
13318,1,Emerging
13319,0,Standard
13320,3,Inactive
13321,1,Emerging
13322,1,Emerging
13323,1,Emerging
13324,3,Inactive
13325,1,Emerging
13326,1,Emerging
13327,0,Standard
13328,1,Emerging
13329,3,Inactive
13330,3,Inactive
13331,1,Emerging
13332,1,Emerging
13333,1,Emerging
13334,0,Standard
13336,1,Emerging
13337,1,Emerging
13338,3,Inactive
13339,1,Emerging
13340,0,Standard
13341,1,Emerging
13343,1,Emerging
13344,3,Inactive
13345,1,Emerging
13346,1,Emerging
13347,1,Emerging
13348,1,Emerging
13349,1,Emerging
13350,1,Emerging
13351,1,Emerging
13352,1,Emerging
13354,1,Emerging
13355,1,Emerging
13356,1,Emerging
13357,3,Inactive
13358,1,Emerging
13359,3,Inactive
13360,1,Emerging
13361,1,Emerging
13362,3,Inactive
13363,3,Inactive
13364,1,Emerging
13365,3,Inactive
13366,1,Emerging
13367,1,Emerging
13368,1,Emerging
13369,1,Emerging
13370,1,Emerging
13371,1,Emerging
13372,1,Emerging
13373,0,Standard
13374,1,Emerging
13375,3,Inactive
13376,1,Emerging
13377,3,Inactive
13379,1,Emerging
13380,1,Emerging
13381,0,Standard
13382,3,Inactive
13383,1,Emerging
13384,3,Inactive
13385,1,Emerging
13386,1,Emerging
13387,1,Emerging
13388,3,Inactive
13389,3,Inactive
13390,1,Emerging
13391,1,Emerging
13392,1,Emerging
13393,1,Emerging
13394,0,Standard
13395,3,Inactive
13396,3,Inactive
13397,3,Inactive
13398,3,Inactive
13399,1,Emerging
13400,1,Emerging
13402,3,Inactive
13403,3,Inactive
13404,3,Inactive
13405,3,Inactive
13406,1,Emerging
13407,1,Emerging
13408,0,Standard
13410,3,Inactive
13411,1,Emerging
13412,1,Emerging
13413,1,Emerging
13414,3,Inactive
13415,1,Emerging
13416,3,Inactive
13417,3,Inactive
13418,0,Standard
13419,1,Emerging
13420,1,Emerging
13421,3,Inactive
13422,1,Emerging
13423,1,Emerging
13424,1,Emerging
13425,3,Inactive
13426,0,Standard
13427,3,Inactive
13428,3,Inactive
13429,1,Emerging
13430,1,Emerging
13431,3,Inactive
13432,1,Emerging
13433,1,Emerging
13434,3,Inactive
13435,3,Inactive
13436,1,Emerging
13437,1,Emerging
13438,1,Emerging
13439,3,Inactive
13440,1,Emerging
13441,3,Inactive
13442,1,Emerging
13443,1,Emerging
13444,1,Emerging
13445,1,Emerging
13446,1,Emerging
13447,1,Emerging
13448,0,Standard
13449,1,Emerging
13450,3,Inactive
13451,0,Standard
13452,1,Emerging
13453,3,Inactive
13454,1,Emerging
13455,3,Inactive
13456,1,Emerging
13457,1,Emerging
13458,0,Standard
13459,1,Emerging
13460,1,Emerging
13461,3,Inactive
13462,3,Inactive
13464,3,Inactive
13465,1,Emerging
13466,3,Inactive
13467,1,Emerging
13468,0,Standard
13469,1,Emerging
13470,1,Emerging
13471,1,Emerging
13472,1,Emerging
13473,3,Inactive
13474,3,Inactive
13475,1,Emerging
13476,3,Inactive
13477,3,Inactive
13478,1,Emerging
13479,3,Inactive
13480,3,Inactive
13481,3,Inactive
13482,3,Inactive
13483,1,Emerging
13484,3,Inactive
13485,3,Inactive
13486,1,Emerging
13487,3,Inactive
13488,0,Standard
13489,1,Emerging
13490,1,Emerging
13491,0,Standard
13492,1,Emerging
13493,1,Emerging
13494,1,Emerging
13495,3,Inactive
13496,3,Inactive
13497,3,Inactive
13498,1,Emerging
13499,3,Inactive
13500,3,Inactive
13501,3,Inactive
13502,3,Inactive
13503,3,Inactive
13504,1,Emerging
13505,3,Inactive
13506,1,Emerging
13507,3,Inactive
13508,3,Inactive
13509,3,Inactive
13510,3,Inactive
13511,1,Emerging
13512,3,Inactive
13513,3,Inactive
13514,3,Inactive
13515,3,Inactive
13516,3,Inactive
13517,1,Emerging
13518,1,Emerging
13519,3,Inactive
13520,3,Inactive
13521,0,Standard
13522,1,Emerging
13523,3,Inactive
13524,1,Emerging
13525,3,Inactive
13526,1,Emerging
13527,0,Standard
13529,1,Emerging
13530,1,Emerging
13531,3,Inactive
13532,1,Emerging
13533,1,Emerging
13534,0,Standard
13535,1,Emerging
13536,1,Emerging
13537,1,Emerging
13538,3,Inactive
13539,3,Inactive
13540,1,Emerging
13541,1,Emerging
13542,1,Emerging
13543,1,Emerging
13544,3,Inactive
13545,1,Emerging
13546,3,Inactive
13547,1,Emerging
13548,3,Inactive
13549,3,Inactive
13550,1,Emerging
13551,3,Inactive
13552,0,Standard
13553,1,Emerging
13554,1,Emerging
13555,0,Standard
13556,1,Emerging
13557,3,Inactive
13558,1,Emerging
13559,1,Emerging
13560,1,Emerging
13561,3,Inactive
13562,3,Inactive
13563,1,Emerging
13564,0,Standard
13565,3,Inactive
13566,3,Inactive
13567,1,Emerging
13568,1,Emerging
13569,3,Inactive
13570,1,Emerging
13571,0,Standard
13572,1,Emerging
13573,3,Inactive
13574,1,Emerging
13575,1,Emerging
13576,0,Standard
13577,3,Inactive
13578,1,Emerging
13579,3,Inactive
13580,1,Emerging
13581,1,Emerging
13582,3,Inactive
13583,3,Inactive
13584,3,Inactive
13585,1,Emerging
13586,1,Emerging
13587,3,Inactive
13588,3,Inactive
13589,3,Inactive
13590,0,Standard
13591,3,Inactive
13592,3,Inactive
13593,0,Standard
13594,3,Inactive
13595,1,Emerging
13596,1,Emerging
13597,1,Emerging
13598,3,Inactive
13599,0,Standard
13600,3,Inactive
13601,3,Inactive
13602,3,Inactive
13603,1,Emerging
13604,1,Emerging
13605,1,Emerging
13606,3,Inactive
13607,3,Inactive
13608,1,Emerging
13609,1,Emerging
13610,0,Standard
13611,3,Inactive
13612,1,Emerging
13613,1,Emerging
13614,3,Inactive
13615,0,Standard
13616,1,Emerging
13617,3,Inactive
13618,1,Emerging
13619,1,Emerging
13620,1,Emerging
13621,1,Emerging
13622,1,Emerging
13623,3,Inactive
13624,1,Emerging
13625,1,Emerging
13626,1,Emerging
13627,3,Inactive
13628,1,Emerging
13629,3,Inactive
13630,3,Inactive
13631,1,Emerging
13632,3,Inactive
13634,0,Standard
13635,3,Inactive
13636,3,Inactive
13637,3,Inactive
13638,1,Emerging
13639,3,Inactive
13640,1,Emerging
13641,1,Emerging
13642,1,Emerging
13643,3,Inactive
13644,1,Emerging
13645,1,Emerging
13646,1,Emerging
13647,3,Inactive
13648,1,Emerging
13649,1,Emerging
13650,3,Inactive
13651,3,Inactive
13652,3,Inactive
13653,1,Emerging
13654,0,Standard
13655,3,Inactive
13656,3,Inactive
13657,3,Inactive
13658,3,Inactive
13659,0,Standard
13660,1,Emerging
13661,1,Emerging
13662,3,Inactive
13663,3,Inactive
13665,1,Emerging
13666,3,Inactive
13667,1,Emerging
13668,0,Standard
13669,3,Inactive
13670,1,Emerging
13671,1,Emerging
13672,3,Inactive
13673,1,Emerging
13674,1,Emerging
13675,1,Emerging
13676,1,Emerging
13677,1,Emerging
13678,1,Emerging
13679,1,Emerging
13680,0,Standard
13681,1,Emerging
13682,1,Emerging
13683,1,Emerging
13684,3,Inactive
13685,1,Emerging
13686,3,Inactive
13687,1,Emerging
13688,1,Emerging
13689,3,Inactive
13690,1,Emerging
13691,1,Emerging
13692,3,Inactive
13693,1,Emerging
13694,4,Frequent
13695,3,Inactive
13696,1,Emerging
13697,1,Emerging
13698,1,Emerging
13699,3,Inactive
13700,3,Inactive
13701,1,Emerging
13702,1,Emerging
13703,1,Emerging
13704,1,Emerging
13705,3,Inactive
13706,3,Inactive
13707,3,Inactive
13708,1,Emerging
13709,0,Standard
13710,3,Inactive
13711,3,Inactive
13712,3,Inactive
13713,1,Emerging
13714,1,Emerging
13715,0,Standard
13716,1,Emerging
13717,3,Inactive
13718,1,Emerging
13719,3,Inactive
13720,1,Emerging
13721,3,Inactive
13722,3,Inactive
13723,3,Inactive
13724,1,Emerging
13725,3,Inactive
13726,1,Emerging
13727,3,Inactive
13728,3,Inactive
13729,1,Emerging
13730,1,Emerging
13731,1,Emerging
13732,1,Emerging
13733,3,Inactive
13734,1,Emerging
13735,0,Standard
13736,0,Standard
13737,1,Emerging
13738,1,Emerging
13739,3,Inactive
13740,3,Inactive
13741,1,Emerging
13742,0,Standard
13743,3,Inactive
13744,3,Inactive
13745,3,Inactive
13746,1,Emerging
13747,1,Emerging
13748,3,Inactive
13750,3,Inactive
13751,1,Emerging
13752,3,Inactive
13753,3,Inactive
13754,3,Inactive
13755,1,Emerging
13756,0,Standard
13757,1,Emerging
13758,0,Standard
13759,1,Emerging
13760,3,Inactive
13761,3,Inactive
13762,3,Inactive
13763,3,Inactive
13764,0,Standard
13765,1,Emerging
13766,1,Emerging
13767,0,Standard
13768,1,Emerging
13769,0,Standard
13770,1,Emerging
13771,3,Inactive
13772,0,Standard
13773,3,Inactive
13774,1,Emerging
13775,1,Emerging
13776,1,Emerging
13777,0,Standard
13778,3,Inactive
13779,1,Emerging
13780,3,Inactive
13781,3,Inactive
13782,0,Standard
13783,1,Emerging
13784,3,Inactive
13785,1,Emerging
13786,3,Inactive
13787,3,Inactive
13788,1,Emerging
13789,1,Emerging
13790,1,Emerging
13791,1,Emerging
13792,3,Inactive
13793,1,Emerging
13794,1,Emerging
13795,1,Emerging
13796,1,Emerging
13797,1,Emerging
13798,0,Standard
13799,3,Inactive
13800,3,Inactive
13801,1,Emerging
13802,0,Standard
13803,3,Inactive
13804,3,Inactive
13805,1,Emerging
13806,1,Emerging
13807,3,Inactive
13808,1,Emerging
13809,1,Emerging
13810,1,Emerging
13811,1,Emerging
13812,1,Emerging
13813,3,Inactive
13814,3,Inactive
13815,3,Inactive
13816,1,Emerging
13817,3,Inactive
13818,1,Emerging
13819,3,Inactive
13820,1,Emerging
13821,3,Inactive
13822,1,Emerging
13823,3,Inactive
13824,3,Inactive
13825,1,Emerging
13826,1,Emerging
13827,1,Emerging
13828,1,Emerging
13829,1,Emerging
13830,1,Emerging
13831,3,Inactive
13832,3,Inactive
13833,3,Inactive
13834,1,Emerging
13835,3,Inactive
13836,1,Emerging
13837,1,Emerging
13838,0,Standard
13839,1,Emerging
13840,1,Emerging
13841,1,Emerging
13842,0,Standard
13843,1,Emerging
13844,1,Emerging
13845,1,Emerging
13846,3,Inactive
13847,1,Emerging
13848,3,Inactive
13849,3,Inactive
13850,1,Emerging
13851,3,Inactive
13852,1,Emerging
13853,1,Emerging
13854,0,Standard
13855,1,Emerging
13856,3,Inactive
13857,1,Emerging
13858,1,Emerging
13859,3,Inactive
13860,1,Emerging
13861,1,Emerging
13862,3,Inactive
13863,3,Inactive
13864,1,Emerging
13865,3,Inactive
13866,1,Emerging
13867,3,Inactive
13868,1,Emerging
13869,0,Standard
13870,0,Standard
13871,0,Standard
13872,1,Emerging
13873,3,Inactive
13874,1,Emerging
13875,3,Inactive
13876,1,Emerging
13877,3,Inactive
13878,3,Inactive
13879,1,Emerging
13880,0,Standard
13881,0,Standard
13882,1,Emerging
13883,0,Standard
13884,3,Inactive
13885,1,Emerging
13886,1,Emerging
13887,1,Emerging
13888,3,Inactive
13889,3,Inactive
13890,3,Inactive
13891,1,Emerging
13892,3,Inactive
13893,1,Emerging
13894,3,Inactive
13895,3,Inactive
13896,1,Emerging
13897,3,Inactive
13898,1,Emerging
13899,3,Inactive
13900,3,Inactive
13901,0,Standard
13902,1,Emerging
13903,1,Emerging
13904,3,Inactive
13905,1,Emerging
13906,1,Emerging
13907,1,Emerging
13908,3,Inactive
13909,1,Emerging
13911,0,Standard
13912,1,Emerging
13913,1,Emerging
13914,1,Emerging
13915,1,Emerging
13916,1,Emerging
13917,3,Inactive
13918,3,Inactive
13919,3,Inactive
13920,1,Emerging
13921,1,Emerging
13922,1,Emerging
13923,1,Emerging
13924,1,Emerging
13925,1,Emerging
13926,1,Emerging
13927,3,Inactive
13928,1,Emerging
13929,3,Inactive
13930,1,Emerging
13931,0,Standard
13932,1,Emerging
13933,1,Emerging
13934,1,Emerging
13935,1,Emerging
13936,3,Inactive
13937,3,Inactive
13938,1,Emerging
13939,3,Inactive
13940,1,Emerging
13941,3,Inactive
13942,1,Emerging
13943,1,Emerging
13944,1,Emerging
13945,1,Emerging
13946,3,Inactive
13947,1,Emerging
13948,3,Inactive
13949,1,Emerging
13950,3,Inactive
13951,1,Emerging
13952,0,Standard
13953,3,Inactive
13954,1,Emerging
13955,3,Inactive
13956,3,Inactive
13957,1,Emerging
13958,1,Emerging
13959,3,Inactive
13960,1,Emerging
13961,1,Emerging
13962,3,Inactive
13963,1,Emerging
13964,1,Emerging
13965,1,Emerging
13966,1,Emerging
13967,3,Inactive
13968,1,Emerging
13969,0,Standard
13970,1,Emerging
13971,0,Standard
13972,1,Emerging
13973,1,Emerging
13974,3,Inactive
13975,0,Standard
13976,3,Inactive
13977,1,Emerging
13978,1,Emerging
13979,0,Standard
13980,3,Inactive
13981,1,Emerging
13982,3,Inactive
13983,0,Standard
13984,3,Inactive
13985,0,Standard
13986,1,Emerging
13987,1,Emerging
13988,3,Inactive
13989,3,Inactive
13990,1,Emerging
13991,1,Emerging
13992,3,Inactive
13993,0,Standard
13994,1,Emerging
13995,3,Inactive
13996,1,Emerging
13997,1,Emerging
13998,1,Emerging
13999,0,Standard
14000,3,Inactive
14001,3,Inactive
14002,1,Emerging
14003,1,Emerging
14004,3,Inactive
14005,3,Inactive
14006,3,Inactive
14007,1,Emerging
14008,1,Emerging
14009,3,Inactive
14010,1,Emerging
14011,1,Emerging
14012,1,Emerging
14013,3,Inactive
14014,3,Inactive
14015,1,Emerging
14016,0,Standard
14017,1,Emerging
14018,1,Emerging
14019,1,Emerging
14020,3,Inactive
14021,3,Inactive
14022,3,Inactive
14023,3,Inactive
14024,3,Inactive
14025,1,Emerging
14026,1,Emerging
14027,1,Emerging
14028,1,Emerging
14029,1,Emerging
14030,0,Standard
14031,0,Standard
14032,3,Inactive
14033,1,Emerging
14034,1,Emerging
14035,3,Inactive
14036,1,Emerging
14037,3,Inactive
14038,3,Inactive
14039,3,Inactive
14040,0,Standard
14041,1,Emerging
14042,1,Emerging
14043,3,Inactive
14044,0,Standard
14045,3,Inactive
14046,1,Emerging
14047,3,Inactive
14048,1,Emerging
14049,0,Standard
14050,1,Emerging
14051,0,Standard
14052,3,Inactive
14053,3,Inactive
14054,1,Emerging
14055,3,Inactive
14056,0,Standard
14057,0,Standard
14058,1,Emerging
14059,1,Emerging
14060,0,Standard
14061,1,Emerging
14062,0,Standard
14063,1,Emerging
14064,3,Inactive
14065,1,Emerging
14066,1,Emerging
14067,1,Emerging
14068,3,Inactive
14069,1,Emerging
14070,1,Emerging
14071,0,Standard
14072,1,Emerging
14073,1,Emerging
14074,1,Emerging
14075,3,Inactive
14076,1,Emerging
14077,3,Inactive
14078,3,Inactive
14079,3,Inactive
14080,3,Inactive
14081,0,Standard
14082,1,Emerging
14083,3,Inactive
14084,1,Emerging
14085,0,Standard
14086,1,Emerging
14087,3,Inactive
14088,0,Standard
14089,1,Emerging
14090,1,Emerging
14091,1,Emerging
14092,0,Standard
14093,1,Emerging
14094,1,Emerging
14095,1,Emerging
14096,0,Standard
14097,1,Emerging
14098,1,Emerging
14099,0,Standard
14100,1,Emerging
14101,3,Inactive
14102,1,Emerging
14104,3,Inactive
14105,3,Inactive
14106,1,Emerging
14107,3,Inactive
14108,3,Inactive
14109,1,Emerging
14110,0,Standard
14111,3,Inactive
14112,0,Standard
14113,3,Inactive
14114,1,Emerging
14115,1,Emerging
14116,1,Emerging
14117,1,Emerging
14118,1,Emerging
14119,3,Inactive
14121,1,Emerging
14122,3,Inactive
14123,1,Emerging
14124,1,Emerging
14125,1,Emerging
14126,3,Inactive
14127,3,Inactive
14128,3,Inactive
14129,3,Inactive
14130,3,Inactive
14131,1,Emerging
14132,1,Emerging
14133,3,Inactive
14134,1,Emerging
14135,0,Standard
14136,1,Emerging
14137,1,Emerging
14138,1,Emerging
14139,3,Inactive
14140,1,Emerging
14141,1,Emerging
14142,3,Inactive
14143,1,Emerging
14144,1,Emerging
14145,3,Inactive
14146,0,Standard
14147,3,Inactive
14148,3,Inactive
14149,1,Emerging
14150,3,Inactive
14151,1,Emerging
14152,3,Inactive
14153,1,Emerging
14154,3,Inactive
14155,1,Emerging
14156,4,Frequent
14157,3,Inactive
14158,1,Emerging
14159,0,Standard
14160,1,Emerging
14161,3,Inactive
14162,1,Emerging
14163,3,Inactive
14164,1,Emerging
14165,1,Emerging
14166,1,Emerging
14167,3,Inactive
14168,1,Emerging
14169,1,Emerging
14170,1,Emerging
14171,3,Inactive
14172,1,Emerging
14173,3,Inactive
14174,1,Emerging
14175,0,Standard
14176,1,Emerging
14177,3,Inactive
14178,3,Inactive
14179,1,Emerging
14180,0,Standard
14181,1,Emerging
14182,1,Emerging
14183,1,Emerging
14184,1,Emerging
14185,1,Emerging
14186,1,Emerging
14187,1,Emerging
14188,3,Inactive
14189,0,Standard
14190,1,Emerging
14191,0,Standard
14192,1,Emerging
14193,3,Inactive
14194,0,Standard
14195,3,Inactive
14196,1,Emerging
14197,1,Emerging
14198,3,Inactive
14199,3,Inactive
14200,1,Emerging
14201,3,Inactive
14202,1,Emerging
14203,1,Emerging
14204,3,Inactive
14205,3,Inactive
14206,1,Emerging
14207,1,Emerging
14208,3,Inactive
14209,3,Inactive
14210,0,Standard
14211,0,Standard
14212,3,Inactive
14213,1,Emerging
14214,3,Inactive
14215,3,Inactive
14216,3,Inactive
14217,0,Standard
14218,1,Emerging
14219,3,Inactive
14220,3,Inactive
14221,0,Standard
14222,1,Emerging
14223,1,Emerging
14224,3,Inactive
14225,1,Emerging
14226,3,Inactive
14227,0,Standard
14228,1,Emerging
14229,3,Inactive
14230,1,Emerging
14231,3,Inactive
14232,3,Inactive
14233,3,Inactive
14234,1,Emerging
14235,3,Inactive
14236,3,Inactive
14237,3,Inactive
14238,3,Inactive
14239,3,Inactive
14240,3,Inactive
14241,3,Inactive
14242,1,Emerging
14243,0,Standard
14244,1,Emerging
14245,1,Emerging
14246,1,Emerging
14247,1,Emerging
14248,1,Emerging
14249,1,Emerging
14250,1,Emerging
14251,1,Emerging
14252,1,Emerging
14253,1,Emerging
14254,1,Emerging
14255,1,Emerging
14256,3,Inactive
14257,3,Inactive
14258,0,Standard
14259,1,Emerging
14260,1,Emerging
14261,1,Emerging
14262,3,Inactive
14263,1,Emerging
14264,3,Inactive
14265,3,Inactive
14266,1,Emerging
14267,1,Emerging
14268,1,Emerging
14269,1,Emerging
14270,1,Emerging
14271,3,Inactive
14272,3,Inactive
14273,1,Emerging
14274,1,Emerging
14275,1,Emerging
14276,3,Inactive
14277,0,Standard
14278,1,Emerging
14279,1,Emerging
14280,1,Emerging
14281,1,Emerging
14282,0,Standard
14283,1,Emerging
14284,3,Inactive
14285,3,Inactive
14286,0,Standard
14287,3,Inactive
14288,1,Emerging
14289,3,Inactive
14290,3,Inactive
14291,0,Standard
14292,3,Inactive
14293,3,Inactive
14294,1,Emerging
14295,3,Inactive
14296,1,Emerging
14297,3,Inactive
14298,0,Standard
14299,0,Standard
14300,1,Emerging
14301,3,Inactive
14302,3,Inactive
14303,1,Emerging
14304,3,Inactive
14305,1,Emerging
14306,3,Inactive
14307,3,Inactive
14308,1,Emerging
14309,3,Inactive
14310,1,Emerging
14311,3,Inactive
14312,3,Inactive
14314,3,Inactive
14315,3,Inactive
14316,1,Emerging
14317,1,Emerging
14318,1,Emerging
14319,1,Emerging
14320,3,Inactive
14321,3,Inactive
14322,1,Emerging
14323,1,Emerging
14324,3,Inactive
14325,1,Emerging
14326,3,Inactive
14327,3,Inactive
14328,1,Emerging
14329,0,Standard
14330,1,Emerging
14331,1,Emerging
14332,3,Inactive
14333,1,Emerging
14334,3,Inactive
14335,1,Emerging
14336,3,Inactive
14338,3,Inactive
14339,3,Inactive
14340,1,Emerging
14341,0,Standard
14342,3,Inactive
14343,1,Emerging
14344,0,Standard
14345,1,Emerging
14346,3,Inactive
14347,1,Emerging
14348,1,Emerging
14349,1,Emerging
14350,1,Emerging
14351,1,Emerging
14352,1,Emerging
14353,1,Emerging
14354,1,Emerging
14355,3,Inactive
14356,1,Emerging
14357,1,Emerging
14358,1,Emerging
14359,1,Emerging
14360,1,Emerging
14361,1,Emerging
14362,1,Emerging
14363,1,Emerging
14364,1,Emerging
14365,3,Inactive
14366,1,Emerging
14367,0,Standard
14368,1,Emerging
14369,1,Emerging
14370,1,Emerging
14371,1,Emerging
14372,1,Emerging
14373,1,Emerging
14374,1,Emerging
14375,3,Inactive
14376,1,Emerging
14377,1,Emerging
14378,1,Emerging
14379,3,Inactive
14380,1,Emerging
14381,3,Inactive
14382,3,Inactive
14383,1,Emerging
14384,1,Emerging
14385,1,Emerging
14386,1,Emerging
14387,1,Emerging
14388,0,Standard
14389,3,Inactive
14390,0,Standard
14391,1,Emerging
14392,1,Emerging
14393,1,Emerging
14394,1,Emerging
14395,0,Standard
14396,3,Inactive
14397,1,Emerging
14398,1,Emerging
14399,1,Emerging
14400,3,Inactive
14401,0,Standard
14402,1,Emerging
14403,3,Inactive
14404,3,Inactive
14405,1,Emerging
14406,1,Emerging
14407,1,Emerging
14408,3,Inactive
14409,3,Inactive
14410,0,Standard
14411,1,Emerging
14412,3,Inactive
14413,3,Inactive
14414,3,Inactive
14415,0,Standard
14416,1,Emerging
14417,1,Emerging
14418,1,Emerging
14419,3,Inactive
14420,3,Inactive
14421,3,Inactive
14422,0,Standard
14423,3,Inactive
14424,1,Emerging
14425,3,Inactive
14426,0,Standard
14427,3,Inactive
14428,3,Inactive
14429,1,Emerging
14430,1,Emerging
14431,3,Inactive
14432,1,Emerging
14433,1,Emerging
14434,1,Emerging
14435,1,Emerging
14436,3,Inactive
14437,1,Emerging
14438,1,Emerging
14439,3,Inactive
14440,3,Inactive
14441,3,Inactive
14442,3,Inactive
14443,3,Inactive
14444,1,Emerging
14445,1,Emerging
14446,3,Inactive
14447,3,Inactive
14448,3,Inactive
14449,0,Standard
14450,3,Inactive
14451,0,Standard
14452,3,Inactive
14453,1,Emerging
14454,3,Inactive
14455,1,Emerging
14456,0,Standard
14457,1,Emerging
14458,1,Emerging
14459,3,Inactive
14460,3,Inactive
14461,0,Standard
14462,3,Inactive
14463,3,Inactive
14464,1,Emerging
14465,3,Inactive
14466,3,Inactive
14467,3,Inactive
14468,1,Emerging
14469,1,Emerging
14470,3,Inactive
14471,1,Emerging
14472,3,Inactive
14473,3,Inactive
14474,3,Inactive
14475,3,Inactive
14476,1,Emerging
14477,3,Inactive
14478,3,Inactive
14479,3,Inactive
14480,3,Inactive
14481,3,Inactive
14482,3,Inactive
14483,3,Inactive
14484,3,Inactive
14485,1,Emerging
14486,1,Emerging
14487,3,Inactive
14488,1,Emerging
14489,3,Inactive
14490,1,Emerging
14491,3,Inactive
14492,1,Emerging
14493,0,Standard
14494,3,Inactive
14495,3,Inactive
14496,1,Emerging
14497,3,Inactive
14498,0,Standard
14499,3,Inactive
14500,1,Emerging
14501,1,Emerging
14502,0,Standard
14503,3,Inactive
14504,3,Inactive
14505,0,Standard
14506,0,Standard
14507,3,Inactive
14508,3,Inactive
14509,1,Emerging
14510,1,Emerging
14511,1,Emerging
14512,3,Inactive
14513,3,Inactive
14514,3,Inactive
14515,3,Inactive
14516,1,Emerging
14517,1,Emerging
14518,1,Emerging
14519,1,Emerging
14520,3,Inactive
14521,1,Emerging
14522,3,Inactive
14523,1,Emerging
14524,0,Standard
14525,0,Standard
14526,1,Emerging
14527,0,Standard
14528,1,Emerging
14529,1,Emerging
14530,0,Standard
14531,1,Emerging
14532,3,Inactive
14533,3,Inactive
14534,0,Standard
14535,0,Standard
14536,1,Emerging
14537,3,Inactive
14538,3,Inactive
14539,1,Emerging
14540,3,Inactive
14541,3,Inactive
14542,1,Emerging
14543,0,Standard
14544,3,Inactive
14545,1,Emerging
14546,0,Standard
14547,1,Emerging
14548,3,Inactive
14549,3,Inactive
14550,3,Inactive
14551,3,Inactive
14552,3,Inactive
14553,0,Standard
14554,1,Emerging
14555,3,Inactive
14556,1,Emerging
14557,1,Emerging
14558,1,Emerging
14559,1,Emerging
14560,0,Standard
14561,1,Emerging
14562,0,Standard
14563,1,Emerging
14564,3,Inactive
14565,3,Inactive
14566,3,Inactive
14567,1,Emerging
14568,1,Emerging
14569,3,Inactive
14570,1,Emerging
14571,1,Emerging
14572,0,Standard
14573,0,Standard
14574,1,Emerging
14575,1,Emerging
14576,1,Emerging
14577,3,Inactive
14578,1,Emerging
14579,1,Emerging
14580,1,Emerging
14581,3,Inactive
14582,1,Emerging
14583,0,Standard
14584,3,Inactive
14585,3,Inactive
14586,1,Emerging
14587,3,Inactive
14588,1,Emerging
14589,1,Emerging
14590,1,Emerging
14591,3,Inactive
14592,1,Emerging
14593,0,Standard
14594,3,Inactive
14595,3,Inactive
14596,1,Emerging
14597,3,Inactive
14598,3,Inactive
14599,1,Emerging
14600,1,Emerging
14601,1,Emerging
14602,1,Emerging
14603,1,Emerging
14604,1,Emerging
14605,3,Inactive
14606,4,Frequent
14607,0,Standard
14608,3,Inactive
14609,3,Inactive
14610,1,Emerging
14611,1,Emerging
14612,1,Emerging
14613,1,Emerging
14614,1,Emerging
14615,1,Emerging
14616,3,Inactive
14617,1,Emerging
14618,3,Inactive
14619,3,Inactive
14620,1,Emerging
14621,3,Inactive
14622,1,Emerging
14623,3,Inactive
14624,3,Inactive
14625,3,Inactive
14626,3,Inactive
14627,1,Emerging
14628,3,Inactive
14629,1,Emerging
14630,1,Emerging
14631,3,Inactive
14632,1,Emerging
14633,1,Emerging
14634,1,Emerging
14635,1,Emerging
14636,3,Inactive
14637,1,Emerging
14638,1,Emerging
14639,3,Inactive
14640,3,Inactive
14641,1,Emerging
14642,1,Emerging
14643,3,Inactive
14644,3,Inactive
14645,3,Inactive
14646,4,Frequent
14647,3,Inactive
14648,0,Standard
14649,0,Standard
14650,1,Emerging
14651,3,Inactive
14652,1,Emerging
14653,0,Standard
14654,1,Emerging
14655,3,Inactive
14656,3,Inactive
14657,3,Inactive
14658,1,Emerging
14659,3,Inactive
14660,1,Emerging
14661,1,Emerging
14662,3,Inactive
14663,1,Emerging
14664,1,Emerging
14665,3,Inactive
14666,1,Emerging
14667,0,Standard
14668,1,Emerging
14669,0,Standard
14670,3,Inactive
14671,1,Emerging
14672,3,Inactive
14673,3,Inactive
14674,1,Emerging
14675,3,Inactive
14676,3,Inactive
14677,1,Emerging
14678,1,Emerging
14679,3,Inactive
14680,0,Standard
14681,3,Inactive
14682,3,Inactive
14683,1,Emerging
14684,0,Standard
14685,1,Emerging
14686,1,Emerging
14687,3,Inactive
14688,0,Standard
14689,1,Emerging
14690,3,Inactive
14691,1,Emerging
14692,3,Inactive
14693,1,Emerging
14694,1,Emerging
14695,1,Emerging
14696,3,Inactive
14697,1,Emerging
14698,1,Emerging
14699,3,Inactive
14700,3,Inactive
14701,0,Standard
14702,0,Standard
14703,1,Emerging
14704,0,Standard
14705,1,Emerging
14706,1,Emerging
14707,1,Emerging
14708,3,Inactive
14709,0,Standard
14710,0,Standard
14711,0,Standard
14712,3,Inactive
14713,0,Standard
14714,3,Inactive
14715,3,Inactive
14716,3,Inactive
14717,1,Emerging
14718,1,Emerging
14719,3,Inactive
14720,1,Emerging
14721,1,Emerging
14722,3,Inactive
14723,0,Standard
14724,1,Emerging
14725,3,Inactive
14726,1,Emerging
14727,3,Inactive
14728,1,Emerging
14729,3,Inactive
14730,0,Standard
14731,3,Inactive
14732,0,Standard
14733,0,Standard
14734,1,Emerging
14735,0,Standard
14736,1,Emerging
14737,3,Inactive
14738,3,Inactive
14739,0,Standard
14740,3,Inactive
14741,3,Inactive
14742,1,Emerging
14743,1,Emerging
14744,3,Inactive
14745,3,Inactive
14746,1,Emerging
14747,1,Emerging
14748,3,Inactive
14749,1,Emerging
14750,1,Emerging
14751,1,Emerging
14752,1,Emerging
14753,3,Inactive
14754,3,Inactive
14755,0,Standard
14756,3,Inactive
14757,1,Emerging
14758,3,Inactive
14759,3,Inactive
14760,1,Emerging
14761,3,Inactive
14762,3,Inactive
14764,1,Emerging
14765,1,Emerging
14766,0,Standard
14767,1,Emerging
14768,1,Emerging
14769,0,Standard
14770,3,Inactive
14771,1,Emerging
14772,1,Emerging
14773,1,Emerging
14774,1,Emerging
14775,3,Inactive
14776,3,Inactive
14777,1,Emerging
14778,3,Inactive
14779,1,Emerging
14780,1,Emerging
14782,1,Emerging
14783,1,Emerging
14784,3,Inactive
14785,1,Emerging
14786,1,Emerging
14787,1,Emerging
14788,3,Inactive
14789,1,Emerging
14790,3,Inactive
14791,1,Emerging
14792,1,Emerging
14793,3,Inactive
14794,3,Inactive
14795,1,Emerging
14796,0,Standard
14797,1,Emerging
14798,3,Inactive
14799,3,Inactive
14800,0,Standard
14801,1,Emerging
14802,1,Emerging
14803,1,Emerging
14804,1,Emerging
14805,3,Inactive
14806,3,Inactive
14807,3,Inactive
14808,1,Emerging
14809,1,Emerging
14810,3,Inactive
14811,1,Emerging
14812,1,Emerging
14813,1,Emerging
14814,1,Emerging
14815,1,Emerging
14816,1,Emerging
14817,3,Inactive
14818,3,Inactive
14819,3,Inactive
14820,3,Inactive
14821,1,Emerging
14822,1,Emerging
14823,1,Emerging
14824,3,Inactive
14825,0,Standard
14826,1,Emerging
14828,3,Inactive
14829,3,Inactive
14830,1,Emerging
14831,1,Emerging
14832,1,Emerging
14833,1,Emerging
14834,3,Inactive
14835,1,Emerging
14836,1,Emerging
14837,3,Inactive
14838,3,Inactive
14839,3,Inactive
14840,3,Inactive
14841,0,Standard
14842,3,Inactive
14843,1,Emerging
14844,3,Inactive
14845,1,Emerging
14846,1,Emerging
14847,3,Inactive
14848,1,Emerging
14849,0,Standard
14850,1,Emerging
14851,3,Inactive
14852,0,Standard
14853,3,Inactive
14854,3,Inactive
14855,3,Inactive
14856,1,Emerging
14857,3,Inactive
14858,1,Emerging
14859,3,Inactive
14860,1,Emerging
14861,3,Inactive
14862,3,Inactive
14863,1,Emerging
14865,3,Inactive
14866,3,Inactive
14867,3,Inactive
14868,3,Inactive
14869,3,Inactive
14870,3,Inactive
14871,3,Inactive
14872,1,Emerging
14873,3,Inactive
14874,1,Emerging
14875,3,Inactive
14876,1,Emerging
14877,3,Inactive
14878,0,Standard
14879,1,Emerging
14880,3,Inactive
14881,1,Emerging
14882,3,Inactive
14883,1,Emerging
14884,1,Emerging
14885,3,Inactive
14886,1,Emerging
14887,1,Emerging
14888,1,Emerging
14889,1,Emerging
14890,3,Inactive
14891,3,Inactive
14892,1,Emerging
14893,3,Inactive
14894,3,Inactive
14895,0,Standard
14896,3,Inactive
14897,3,Inactive
14898,0,Standard
14899,1,Emerging
14900,1,Emerging
14901,3,Inactive
14902,3,Inactive
14903,3,Inactive
14904,3,Inactive
14905,3,Inactive
14906,1,Emerging
14907,0,Standard
14908,3,Inactive
14909,1,Emerging
14910,1,Emerging
14911,4,Frequent
14912,3,Inactive
14913,3,Inactive
14915,3,Inactive
14916,3,Inactive
14917,1,Emerging
14918,3,Inactive
14919,1,Emerging
14920,3,Inactive
14921,3,Inactive
14922,1,Emerging
14923,1,Emerging
14924,3,Inactive
14926,3,Inactive
14927,1,Emerging
14928,1,Emerging
14929,3,Inactive
14930,3,Inactive
14931,3,Inactive
14932,1,Emerging
14933,1,Emerging
14934,3,Inactive
14935,3,Inactive
14936,0,Standard
14937,1,Emerging
14938,1,Emerging
14940,3,Inactive
14941,1,Emerging
14942,1,Emerging
14943,1,Emerging
14944,0,Standard
14945,1,Emerging
14946,1,Emerging
14947,3,Inactive
14948,1,Emerging
14949,1,Emerging
14950,1,Emerging
14951,1,Emerging
14952,0,Standard
14953,3,Inactive
14954,3,Inactive
14955,1,Emerging
14956,1,Emerging
14957,3,Inactive
14958,3,Inactive
14959,3,Inactive
14960,3,Inactive
14961,0,Standard
14962,3,Inactive
14963,0,Standard
14964,1,Emerging
14965,1,Emerging
14966,3,Inactive
14967,3,Inactive
14968,3,Inactive
14969,1,Emerging
14970,3,Inactive
14971,1,Emerging
14972,3,Inactive
14973,1,Emerging
14974,1,Emerging
14975,3,Inactive
14976,3,Inactive
14977,1,Emerging
14978,3,Inactive
14979,1,Emerging
14980,1,Emerging
14981,1,Emerging
14982,1,Emerging
14983,1,Emerging
14984,3,Inactive
14985,3,Inactive
14986,3,Inactive
14987,3,Inactive
14988,3,Inactive
14989,1,Emerging
14990,1,Emerging
14991,1,Emerging
14992,1,Emerging
14993,1,Emerging
14994,1,Emerging
14995,3,Inactive
14996,1,Emerging
14997,3,Inactive
14998,3,Inactive
14999,1,Emerging
15000,1,Emerging
15001,1,Emerging
15002,0,Standard
15003,1,Emerging
15004,1,Emerging
15005,0,Standard
15006,3,Inactive
15007,1,Emerging
15008,1,Emerging
15009,1,Emerging
15010,1,Emerging
15011,1,Emerging
15012,3,Inactive
15013,1,Emerging
15014,3,Inactive
15015,1,Emerging
15016,3,Inactive
15017,1,Emerging
15018,3,Inactive
15019,1,Emerging
15020,1,Emerging
15021,0,Standard
15022,3,Inactive
15023,0,Standard
15024,0,Standard
15025,3,Inactive
15026,3,Inactive
15027,3,Inactive
15028,3,Inactive
15029,1,Emerging
15030,3,Inactive
15031,0,Standard
15032,3,Inactive
15033,0,Standard
15034,0,Standard
15035,1,Emerging
15036,1,Emerging
15037,1,Emerging
15038,3,Inactive
15039,0,Standard
15040,1,Emerging
15041,3,Inactive
15042,3,Inactive
15043,3,Inactive
15044,0,Standard
15045,1,Emerging
15046,0,Standard
15047,1,Emerging
15048,3,Inactive
15049,1,Emerging
15050,3,Inactive
15051,3,Inactive
15052,1,Emerging
15053,3,Inactive
15054,1,Emerging
15055,1,Emerging
15056,1,Emerging
15057,3,Inactive
15058,0,Standard
15059,0,Standard
15060,1,Emerging
15061,0,Standard
15062,3,Inactive
15063,1,Emerging
15064,1,Emerging
15065,3,Inactive
15066,1,Emerging
15067,3,Inactive
15068,3,Inactive
15069,1,Emerging
15070,3,Inactive
15071,3,Inactive
15072,1,Emerging
15073,3,Inactive
15074,3,Inactive
15075,1,Emerging
15076,3,Inactive
15077,1,Emerging
15078,0,Standard
15079,3,Inactive
15080,1,Emerging
15081,3,Inactive
15082,1,Emerging
15083,1,Emerging
15084,3,Inactive
15085,1,Emerging
15086,1,Emerging
15087,1,Emerging
15088,1,Emerging
15089,1,Emerging
15090,1,Emerging
15091,3,Inactive
15092,3,Inactive
15093,0,Standard
15094,1,Emerging
15095,3,Inactive
15096,1,Emerging
15097,3,Inactive
15098,1,Emerging
15099,1,Emerging
15100,1,Emerging
15101,3,Inactive
15102,1,Emerging
15103,1,Emerging
15104,1,Emerging
15105,3,Inactive
15106,3,Inactive
15107,1,Emerging
15108,1,Emerging
15109,3,Inactive
15110,3,Inactive
15111,3,Inactive
15112,1,Emerging
15113,1,Emerging
15114,3,Inactive
15115,3,Inactive
15116,3,Inactive
15117,3,Inactive
15118,1,Emerging
15119,1,Emerging
15120,1,Emerging
15121,3,Inactive
15122,3,Inactive
15123,3,Inactive
15124,3,Inactive
15125,0,Standard
15126,1,Emerging
15127,3,Inactive
15128,3,Inactive
15129,3,Inactive
15130,1,Emerging
15131,1,Emerging
15132,3,Inactive
15133,3,Inactive
15134,3,Inactive
15135,3,Inactive
15136,1,Emerging
15137,1,Emerging
15138,1,Emerging
15139,1,Emerging
15140,3,Inactive
15141,1,Emerging
15142,3,Inactive
15143,3,Inactive
15144,0,Standard
15145,3,Inactive
15146,1,Emerging
15147,1,Emerging
15148,1,Emerging
15149,3,Inactive
15150,0,Standard
15151,1,Emerging
15152,0,Standard
15153,1,Emerging
15154,3,Inactive
15155,1,Emerging
15156,1,Emerging
15157,3,Inactive
15158,3,Inactive
15159,0,Standard
15160,1,Emerging
15161,1,Emerging
15162,1,Emerging
15163,3,Inactive
15164,0,Standard
15165,1,Emerging
15166,1,Emerging
15167,3,Inactive
15168,1,Emerging
15169,3,Inactive
15170,1,Emerging
15171,1,Emerging
15172,3,Inactive
15173,1,Emerging
15174,1,Emerging
15175,1,Emerging
15176,1,Emerging
15177,1,Emerging
15178,1,Emerging
15179,0,Standard
15180,1,Emerging
15181,3,Inactive
15182,3,Inactive
15183,1,Emerging
15184,3,Inactive
15185,1,Emerging
15186,3,Inactive
15187,1,Emerging
15188,1,Emerging
15189,0,Standard
15190,1,Emerging
15191,1,Emerging
15192,3,Inactive
15193,1,Emerging
15194,0,Standard
15195,1,Emerging
15196,3,Inactive
15197,3,Inactive
15198,3,Inactive
15199,3,Inactive
15200,1,Emerging
15201,3,Inactive
15202,1,Emerging
15203,0,Standard
15204,1,Emerging
15205,1,Emerging
15206,3,Inactive
15207,1,Emerging
15208,3,Inactive
15209,1,Emerging
15210,3,Inactive
15211,3,Inactive
15212,1,Emerging
15213,1,Emerging
15214,3,Inactive
15215,3,Inactive
15216,3,Inactive
15217,1,Emerging
15218,0,Standard
15219,3,Inactive
15220,3,Inactive
15221,1,Emerging
15222,3,Inactive
15223,3,Inactive
15224,1,Emerging
15225,1,Emerging
15226,1,Emerging
15227,3,Inactive
15228,3,Inactive
15229,1,Emerging
15230,1,Emerging
15231,1,Emerging
15232,1,Emerging
15233,1,Emerging
15234,1,Emerging
15235,1,Emerging
15236,1,Emerging
15237,3,Inactive
15238,3,Inactive
15239,1,Emerging
15240,3,Inactive
15241,3,Inactive
15242,1,Emerging
15243,3,Inactive
15244,3,Inactive
15245,3,Inactive
15246,3,Inactive
15247,3,Inactive
15248,1,Emerging
15249,0,Standard
15250,1,Emerging
15251,0,Standard
15252,3,Inactive
15253,3,Inactive
15254,3,Inactive
15255,3,Inactive
15256,3,Inactive
15257,1,Emerging
15258,1,Emerging
15259,1,Emerging
15260,0,Standard
15261,3,Inactive
15262,1,Emerging
15263,1,Emerging
15264,3,Inactive
15265,3,Inactive
15266,3,Inactive
15267,1,Emerging
15268,1,Emerging
15269,3,Inactive
15270,3,Inactive
15271,0,Standard
15272,3,Inactive
15273,1,Emerging
15274,1,Emerging
15275,1,Emerging
15276,3,Inactive
15277,3,Inactive
15278,1,Emerging
15279,1,Emerging
15280,3,Inactive
15281,0,Standard
15282,1,Emerging
15283,1,Emerging
15284,1,Emerging
15285,1,Emerging
15286,1,Emerging
15287,3,Inactive
15288,3,Inactive
15289,3,Inactive
15290,0,Standard
15291,0,Standard
15292,1,Emerging
15293,1,Emerging
15294,1,Emerging
15295,1,Emerging
15296,0,Standard
15297,1,Emerging
15298,0,Standard
15299,3,Inactive
15300,1,Emerging
15301,0,Standard
15302,1,Emerging
15303,3,Inactive
15304,3,Inactive
15305,1,Emerging
15306,3,Inactive
15307,1,Emerging
15308,1,Emerging
15309,1,Emerging
15310,1,Emerging
15311,4,Frequent
15312,3,Inactive
15313,1,Emerging
15314,3,Inactive
15315,1,Emerging
15316,1,Emerging
15317,1,Emerging
15318,1,Emerging
15319,1,Emerging
15320,1,Emerging
15321,0,Standard
15322,3,Inactive
15323,1,Emerging
15324,1,Emerging
15325,3,Inactive
15326,3,Inactive
15327,1,Emerging
15328,1,Emerging
15329,3,Inactive
15330,1,Emerging
15331,1,Emerging
15332,1,Emerging
15333,1,Emerging
15334,1,Emerging
15335,1,Emerging
15336,1,Emerging
15337,1,Emerging
15338,1,Emerging
15339,3,Inactive
15340,1,Emerging
15341,3,Inactive
15342,1,Emerging
15343,1,Emerging
15344,1,Emerging
15345,1,Emerging
15346,1,Emerging
15347,1,Emerging
15348,1,Emerging
15349,1,Emerging
15350,1,Emerging
15351,0,Standard
15352,1,Emerging
15353,0,Standard
15354,1,Emerging
15355,1,Emerging
15356,0,Standard
15358,0,Standard
15359,1,Emerging
15360,1,Emerging
15361,1,Emerging
15362,3,Inactive
15363,1,Emerging
15364,3,Inactive
15365,3,Inactive
15366,3,Inactive
15367,0,Standard
15368,3,Inactive
15369,1,Emerging
15370,3,Inactive
15371,1,Emerging
15372,3,Inactive
15373,3,Inactive
15374,3,Inactive
15375,1,Emerging
15376,3,Inactive
15377,1,Emerging
15378,1,Emerging
15379,1,Emerging
15380,3,Inactive
15381,3,Inactive
15382,0,Standard
15384,3,Inactive
15385,3,Inactive
15386,1,Emerging
15387,1,Emerging
15388,1,Emerging
15389,3,Inactive
15390,1,Emerging
15391,1,Emerging
15392,3,Inactive
15393,3,Inactive
15394,3,Inactive
15395,1,Emerging
15396,3,Inactive
15397,1,Emerging
15398,1,Emerging
15399,1,Emerging
15400,3,Inactive
15401,1,Emerging
15402,3,Inactive
15403,1,Emerging
15404,1,Emerging
15405,3,Inactive
15406,3,Inactive
15407,3,Inactive
15408,1,Emerging
15409,1,Emerging
15410,3,Inactive
15411,1,Emerging
15412,1,Emerging
15413,1,Emerging
15414,3,Inactive
15415,1,Emerging
15416,3,Inactive
15417,1,Emerging
15418,1,Emerging
15419,1,Emerging
15420,1,Emerging
15421,3,Inactive
15422,1,Emerging
15423,3,Inactive
15424,1,Emerging
15425,1,Emerging
15426,0,Standard
15427,1,Emerging
15428,3,Inactive
15429,1,Emerging
15430,1,Emerging
15431,1,Emerging
15432,3,Inactive
15433,1,Emerging
15434,3,Inactive
15435,1,Emerging
15436,3,Inactive
15437,3,Inactive
15438,1,Emerging
15439,1,Emerging
15440,1,Emerging
15441,3,Inactive
15442,1,Emerging
15443,0,Standard
15444,1,Emerging
15445,3,Inactive
15446,3,Inactive
15447,1,Emerging
15448,3,Inactive
15449,3,Inactive
15450,1,Emerging
15451,1,Emerging
15452,3,Inactive
15453,3,Inactive
15454,3,Inactive
15455,1,Emerging
15456,3,Inactive
15457,1,Emerging
15458,3,Inactive
15459,1,Emerging
15460,1,Emerging
15461,1,Emerging
15462,3,Inactive
15463,1,Emerging
15464,1,Emerging
15465,0,Standard
15466,3,Inactive
15467,1,Emerging
15468,3,Inactive
15469,3,Inactive
15470,1,Emerging
15471,3,Inactive
15472,1,Emerging
15473,3,Inactive
15474,1,Emerging
15475,1,Emerging
15476,1,Emerging
15477,1,Emerging
15478,3,Inactive
15479,1,Emerging
15480,3,Inactive
15481,1,Emerging
15482,3,Inactive
15483,3,Inactive
15484,3,Inactive
15485,3,Inactive
15486,1,Emerging
15487,1,Emerging
15488,3,Inactive
15489,3,Inactive
15490,1,Emerging
15491,1,Emerging
15492,1,Emerging
15493,0,Standard
15494,3,Inactive
15495,1,Emerging
15496,1,Emerging
15497,3,Inactive
15498,0,Standard
15499,1,Emerging
15500,1,Emerging
15501,1,Emerging
15502,0,Standard
15503,3,Inactive
15504,3,Inactive
15505,1,Emerging
15506,3,Inactive
15507,1,Emerging
15508,1,Emerging
15509,1,Emerging
15510,1,Emerging
15511,1,Emerging
15512,3,Inactive
15513,0,Standard
15514,0,Standard
15515,1,Emerging
15516,1,Emerging
15517,1,Emerging
15518,0,Standard
15519,1,Emerging
15520,1,Emerging
15521,0,Standard
15522,1,Emerging
15523,3,Inactive
15524,3,Inactive
15525,3,Inactive
15526,1,Emerging
15527,0,Standard
15528,1,Emerging
15529,0,Standard
15530,3,Inactive
15531,1,Emerging
15532,0,Standard
15533,1,Emerging
15534,1,Emerging
15535,3,Inactive
15536,1,Emerging
15537,1,Emerging
15538,1,Emerging
15539,1,Emerging
15540,3,Inactive
15541,1,Emerging
15542,1,Emerging
15543,1,Emerging
15544,0,Standard
15545,3,Inactive
15546,1,Emerging
15547,0,Standard
15548,1,Emerging
15549,3,Inactive
15550,3,Inactive
15551,3,Inactive
15552,3,Inactive
15553,1,Emerging
15554,1,Emerging
15555,0,Standard
15556,1,Emerging
15557,1,Emerging
15558,1,Emerging
15559,1,Emerging
15560,1,Emerging
15561,3,Inactive
15562,3,Inactive
15563,3,Inactive
15564,1,Emerging
15565,1,Emerging
15566,3,Inactive
15567,1,Emerging
15568,1,Emerging
15569,3,Inactive
15570,0,Standard
15571,0,Standard
15572,0,Standard
15573,3,Inactive
15574,3,Inactive
15575,1,Emerging
15576,1,Emerging
15577,3,Inactive
15578,1,Emerging
15579,3,Inactive
15580,1,Emerging
15581,0,Standard
15582,3,Inactive
15583,1,Emerging
15584,3,Inactive
15585,1,Emerging
15586,1,Emerging
15587,3,Inactive
15588,1,Emerging
15589,1,Emerging
15590,1,Emerging
15591,1,Emerging
15592,1,Emerging
15593,1,Emerging
15594,3,Inactive
15595,1,Emerging
15596,3,Inactive
15597,3,Inactive
15598,3,Inactive
15599,3,Inactive
15600,1,Emerging
15601,0,Standard
15602,3,Inactive
15603,3,Inactive
15604,1,Emerging
15605,3,Inactive
15606,3,Inactive
15607,1,Emerging
15608,3,Inactive
15609,1,Emerging
15610,1,Emerging
15611,3,Inactive
15612,1,Emerging
15613,1,Emerging
15614,1,Emerging
15615,0,Standard
15616,1,Emerging
15617,1,Emerging
15618,1,Emerging
15619,1,Emerging
15620,3,Inactive
15621,1,Emerging
15622,0,Standard
15623,3,Inactive
15624,1,Emerging
15625,3,Inactive
15626,3,Inactive
15627,1,Emerging
15628,0,Standard
15629,1,Emerging
15630,3,Inactive
15631,1,Emerging
15632,3,Inactive
15633,1,Emerging
15634,3,Inactive
15635,1,Emerging
15636,3,Inactive
15637,3,Inactive
15638,1,Emerging
15639,3,Inactive
15640,0,Standard
15641,0,Standard
15642,1,Emerging
15643,1,Emerging
15644,1,Emerging
15645,3,Inactive
15646,3,Inactive
15647,1,Emerging
15648,1,Emerging
15649,1,Emerging
15650,1,Emerging
15651,3,Inactive
15652,3,Inactive
15653,1,Emerging
15654,1,Emerging
15655,1,Emerging
15656,3,Inactive
15657,1,Emerging
15658,3,Inactive
15659,3,Inactive
15660,3,Inactive
15661,1,Emerging
15662,1,Emerging
15663,1,Emerging
15664,3,Inactive
15665,3,Inactive
15666,1,Emerging
15667,1,Emerging
15668,1,Emerging
15669,3,Inactive
15670,3,Inactive
15671,3,Inactive
15672,1,Emerging
15673,3,Inactive
15674,0,Standard
15675,3,Inactive
15676,3,Inactive
15677,3,Inactive
15678,3,Inactive
15679,1,Emerging
15680,3,Inactive
15681,3,Inactive
15682,1,Emerging
15683,3,Inactive
15684,1,Emerging
15685,1,Emerging
15686,1,Emerging
15687,3,Inactive
15688,1,Emerging
15689,3,Inactive
15690,1,Emerging
15691,3,Inactive
15692,1,Emerging
15693,1,Emerging
15694,3,Inactive
15695,3,Inactive
15696,3,Inactive
15697,1,Emerging
15698,1,Emerging
15699,1,Emerging
15700,1,Emerging
15701,1,Emerging
15702,1,Emerging
15703,1,Emerging
15704,3,Inactive
15705,1,Emerging
15706,1,Emerging
15707,1,Emerging
15708,3,Inactive
15709,3,Inactive
15710,1,Emerging
15711,1,Emerging
15712,3,Inactive
15713,3,Inactive
15714,3,Inactive
15715,1,Emerging
15716,3,Inactive
15717,3,Inactive
15718,1,Emerging
15719,0,Standard
15720,3,Inactive
15721,1,Emerging
15722,3,Inactive
15723,1,Emerging
15724,1,Emerging
15725,1,Emerging
15726,1,Emerging
15727,0,Standard
15728,1,Emerging
15729,1,Emerging
15730,3,Inactive
15731,1,Emerging
15732,3,Inactive
15733,1,Emerging
15734,3,Inactive
15735,1,Emerging
15736,1,Emerging
15737,3,Inactive
15738,0,Standard
15739,1,Emerging
15740,1,Emerging
15741,1,Emerging
15742,1,Emerging
15743,1,Emerging
15744,1,Emerging
15745,3,Inactive
15746,1,Emerging
15747,3,Inactive
15748,3,Inactive
15749,1,Emerging
15750,0,Standard
15751,1,Emerging
15752,0,Standard
15753,1,Emerging
15754,3,Inactive
15755,0,Standard
15756,3,Inactive
15757,3,Inactive
15758,1,Emerging
15759,3,Inactive
15760,1,Emerging
15761,1,Emerging
15762,1,Emerging
15763,1,Emerging
15764,3,Inactive
15765,1,Emerging
15766,3,Inactive
15768,0,Standard
15769,0,Standard
15770,1,Emerging
15771,1,Emerging
15772,1,Emerging
15773,3,Inactive
15774,3,Inactive
15775,3,Inactive
15776,1,Emerging
15777,1,Emerging
15778,1,Emerging
15779,1,Emerging
15780,1,Emerging
15781,3,Inactive
15782,3,Inactive
15783,1,Emerging
15784,1,Emerging
15785,3,Inactive
15786,0,Standard
15787,1,Emerging
15788,1,Emerging
15789,1,Emerging
15790,1,Emerging
15791,3,Inactive
15792,3,Inactive
15793,3,Inactive
15794,1,Emerging
15795,3,Inactive
15796,0,Standard
15797,3,Inactive
15798,1,Emerging
15799,3,Inactive
15800,3,Inactive
15801,1,Emerging
15802,1,Emerging
15803,3,Inactive
15804,3,Inactive
15805,0,Standard
15806,3,Inactive
15807,3,Inactive
15808,0,Standard
15809,3,Inactive
15810,3,Inactive
15811,3,Inactive
15812,3,Inactive
15813,1,Emerging
15814,3,Inactive
15815,1,Emerging
15816,1,Emerging
15817,1,Emerging
15818,1,Emerging
15819,3,Inactive
15820,1,Emerging
15821,1,Emerging
15822,3,Inactive
15823,3,Inactive
15824,1,Emerging
15825,1,Emerging
15826,3,Inactive
15827,0,Standard
15828,1,Emerging
15829,1,Emerging
15830,1,Emerging
15831,3,Inactive
15832,1,Emerging
15833,1,Emerging
15834,0,Standard
15835,3,Inactive
15836,1,Emerging
15837,3,Inactive
15838,0,Standard
15839,1,Emerging
15840,1,Emerging
15841,3,Inactive
15842,1,Emerging
15843,1,Emerging
15844,1,Emerging
15845,3,Inactive
15846,1,Emerging
15847,3,Inactive
15848,1,Emerging
15850,3,Inactive
15851,1,Emerging
15852,3,Inactive
15853,1,Emerging
15854,0,Standard
15855,3,Inactive
15856,0,Standard
15857,3,Inactive
15858,0,Standard
15859,1,Emerging
15860,0,Standard
15861,0,Standard
15862,0,Standard
15863,3,Inactive
15864,3,Inactive
15865,3,Inactive
15866,1,Emerging
15867,0,Standard
15868,1,Emerging
15869,3,Inactive
15870,3,Inactive
15871,1,Emerging
15872,3,Inactive
15873,1,Emerging
15874,0,Standard
15875,1,Emerging
15876,1,Emerging
15877,1,Emerging
15878,1,Emerging
15879,3,Inactive
15880,1,Emerging
15881,1,Emerging
15882,3,Inactive
15883,1,Emerging
15884,3,Inactive
15885,3,Inactive
15886,3,Inactive
15887,1,Emerging
15888,3,Inactive
15889,0,Standard
15890,1,Emerging
15891,1,Emerging
15892,1,Emerging
15893,1,Emerging
15894,1,Emerging
15895,1,Emerging
15897,1,Emerging
15898,0,Standard
15899,1,Emerging
15900,3,Inactive
15901,3,Inactive
15902,1,Emerging
15903,3,Inactive
15904,1,Emerging
15905,1,Emerging
15906,3,Inactive
15907,3,Inactive
15908,1,Emerging
15909,1,Emerging
15910,0,Standard
15911,1,Emerging
15912,3,Inactive
15913,1,Emerging
15914,1,Emerging
15915,1,Emerging
15916,0,Standard
15917,3,Inactive
15918,3,Inactive
15919,3,Inactive
15920,3,Inactive
15921,3,Inactive
15922,1,Emerging
15923,1,Emerging
15924,1,Emerging
15925,1,Emerging
15926,1,Emerging
15927,1,Emerging
15928,1,Emerging
15929,1,Emerging
15930,1,Emerging
15931,1,Emerging
15932,3,Inactive
15933,1,Emerging
15934,1,Emerging
15935,1,Emerging
15936,1,Emerging
15937,1,Emerging
15938,3,Inactive
15939,1,Emerging
15940,1,Emerging
15941,1,Emerging
15942,1,Emerging
15943,1,Emerging
15944,3,Inactive
15945,3,Inactive
15946,1,Emerging
15947,1,Emerging
15948,3,Inactive
15949,1,Emerging
15950,0,Standard
15951,3,Inactive
15952,3,Inactive
15953,3,Inactive
15954,1,Emerging
15955,0,Standard
15956,1,Emerging
15957,3,Inactive
15958,3,Inactive
15959,1,Emerging
15960,1,Emerging
15961,1,Emerging
15962,1,Emerging
15963,1,Emerging
15964,1,Emerging
15965,0,Standard
15966,1,Emerging
15967,0,Standard
15968,1,Emerging
15969,3,Inactive
15970,3,Inactive
15971,3,Inactive
15972,1,Emerging
15973,1,Emerging
15974,3,Inactive
15975,1,Emerging
15976,3,Inactive
15977,1,Emerging
15978,3,Inactive
15979,1,Emerging
15980,3,Inactive
15981,0,Standard
15982,1,Emerging
15983,3,Inactive
15984,0,Standard
15985,3,Inactive
15986,3,Inactive
15987,3,Inactive
15988,3,Inactive
15989,3,Inactive
15990,3,Inactive
15991,1,Emerging
15992,3,Inactive
15993,0,Standard
15994,3,Inactive
15995,1,Emerging
15996,3,Inactive
15998,0,Standard
15999,1,Emerging
16000,1,Emerging
16001,1,Emerging
16002,1,Emerging
16003,3,Inactive
16004,1,Emerging
16005,0,Standard
16006,3,Inactive
16007,0,Standard
16008,3,Inactive
16009,1,Emerging
16010,1,Emerging
16011,0,Standard
16012,3,Inactive
16013,0,Standard
16014,3,Inactive
16015,1,Emerging
16016,0,Standard
16017,3,Inactive
16018,3,Inactive
16019,0,Standard
16020,1,Emerging
16021,1,Emerging
16022,1,Emerging
16023,3,Inactive
16024,3,Inactive
16025,1,Emerging
16026,1,Emerging
16027,3,Inactive
16028,1,Emerging
16029,0,Standard
16030,1,Emerging
16031,3,Inactive
16032,1,Emerging
16033,0,Standard
16034,1,Emerging
16035,1,Emerging
16036,3,Inactive
16037,3,Inactive
16038,3,Inactive
16039,1,Emerging
16040,3,Inactive
16041,1,Emerging
16042,3,Inactive
16043,3,Inactive
16044,1,Emerging
16045,3,Inactive
16046,1,Emerging
16047,1,Emerging
16048,1,Emerging
16049,0,Standard
16050,3,Inactive
16051,1,Emerging
16052,1,Emerging
16053,3,Inactive
16054,3,Inactive
16055,1,Emerging
16056,1,Emerging
16057,3,Inactive
16058,1,Emerging
16059,0,Standard
16060,1,Emerging
16061,1,Emerging
16062,3,Inactive
16063,1,Emerging
16064,1,Emerging
16065,1,Emerging
16066,1,Emerging
16067,1,Emerging
16068,1,Emerging
16069,1,Emerging
16070,1,Emerging
16071,3,Inactive
16072,0,Standard
16073,1,Emerging
16074,1,Emerging
16075,1,Emerging
16076,1,Emerging
16077,1,Emerging
16078,3,Inactive
16079,1,Emerging
16080,3,Inactive
16081,0,Standard
16082,1,Emerging
16083,3,Inactive
16084,1,Emerging
16085,0,Standard
16086,3,Inactive
16087,1,Emerging
16088,1,Emerging
16089,1,Emerging
16090,1,Emerging
16091,1,Emerging
16092,3,Inactive
16093,1,Emerging
16094,3,Inactive
16095,1,Emerging
16096,3,Inactive
16097,1,Emerging
16098,3,Inactive
16099,3,Inactive
16100,1,Emerging
16101,3,Inactive
16102,1,Emerging
16103,0,Standard
16104,3,Inactive
16105,3,Inactive
16106,1,Emerging
16107,1,Emerging
16108,3,Inactive
16109,3,Inactive
16110,0,Standard
16111,1,Emerging
16112,1,Emerging
16113,1,Emerging
16114,1,Emerging
16115,0,Standard
16116,1,Emerging
16117,3,Inactive
16118,1,Emerging
16119,3,Inactive
16120,3,Inactive
16121,3,Inactive
16122,3,Inactive
16123,1,Emerging
16124,3,Inactive
16125,1,Emerging
16126,0,Standard
16127,3,Inactive
16128,3,Inactive
16129,1,Emerging
16130,1,Emerging
16131,3,Inactive
16132,1,Emerging
16133,0,Standard
16134,3,Inactive
16135,3,Inactive
16136,3,Inactive
16137,1,Emerging
16138,1,Emerging
16139,3,Inactive
16140,3,Inactive
16141,3,Inactive
16142,1,Emerging
16143,3,Inactive
16144,1,Emerging
16145,0,Standard
16146,3,Inactive
16147,3,Inactive
16148,1,Emerging
16149,3,Inactive
16150,3,Inactive
16152,1,Emerging
16153,3,Inactive
16155,1,Emerging
16156,0,Standard
16157,1,Emerging
16158,1,Emerging
16159,3,Inactive
16160,1,Emerging
16161,0,Standard
16162,1,Emerging
16163,3,Inactive
16164,1,Emerging
16165,1,Emerging
16166,3,Inactive
16167,1,Emerging
16168,0,Standard
16169,1,Emerging
16170,0,Standard
16171,1,Emerging
16172,3,Inactive
16173,1,Emerging
16174,3,Inactive
16175,3,Inactive
16176,1,Emerging
16177,3,Inactive
16178,3,Inactive
16179,1,Emerging
16180,0,Standard
16181,1,Emerging
16182,3,Inactive
16183,3,Inactive
16184,1,Emerging
16185,3,Inactive
16186,0,Standard
16187,0,Standard
16188,3,Inactive
16189,1,Emerging
16190,3,Inactive
16191,0,Standard
16192,1,Emerging
16193,3,Inactive
16194,1,Emerging
16195,1,Emerging
16196,1,Emerging
16197,1,Emerging
16198,3,Inactive
16199,1,Emerging
16200,0,Standard
16201,3,Inactive
16202,1,Emerging
16203,3,Inactive
16204,3,Inactive
16205,3,Inactive
16206,3,Inactive
16207,1,Emerging
16208,3,Inactive
16209,3,Inactive
16210,0,Standard
16211,3,Inactive
16212,3,Inactive
16213,1,Emerging
16214,3,Inactive
16215,1,Emerging
16216,1,Emerging
16217,1,Emerging
16218,3,Inactive
16219,1,Emerging
16221,3,Inactive
16222,3,Inactive
16223,1,Emerging
16224,3,Inactive
16225,0,Standard
16226,1,Emerging
16227,3,Inactive
16228,1,Emerging
16229,3,Inactive
16230,1,Emerging
16231,1,Emerging
16232,3,Inactive
16233,3,Inactive
16234,1,Emerging
16235,3,Inactive
16236,1,Emerging
16237,1,Emerging
16238,1,Emerging
16239,3,Inactive
16240,1,Emerging
16241,0,Standard
16242,0,Standard
16243,1,Emerging
16244,3,Inactive
16245,3,Inactive
16246,1,Emerging
16247,1,Emerging
16248,1,Emerging
16249,1,Emerging
16250,1,Emerging
16251,1,Emerging
16252,1,Emerging
16253,3,Inactive
16254,1,Emerging
16255,0,Standard
16256,3,Inactive
16257,1,Emerging
16258,0,Standard
16259,1,Emerging
16260,1,Emerging
16261,3,Inactive
16262,1,Emerging
16263,1,Emerging
16264,1,Emerging
16265,0,Standard
16266,3,Inactive
16267,1,Emerging
16268,1,Emerging
16269,1,Emerging
16270,1,Emerging
16271,3,Inactive
16272,1,Emerging
16273,1,Emerging
16274,1,Emerging
16275,3,Inactive
16276,3,Inactive
16277,1,Emerging
16278,3,Inactive
16279,0,Standard
16280,1,Emerging
16281,3,Inactive
16282,3,Inactive
16283,0,Standard
16284,3,Inactive
16285,1,Emerging
16286,1,Emerging
16287,3,Inactive
16288,1,Emerging
16289,1,Emerging
16290,1,Emerging
16291,1,Emerging
16292,3,Inactive
16293,0,Standard
16294,1,Emerging
16295,1,Emerging
16296,1,Emerging
16297,1,Emerging
16298,3,Inactive
16299,1,Emerging
16300,1,Emerging
16301,1,Emerging
16302,1,Emerging
16303,3,Inactive
16304,1,Emerging
16305,1,Emerging
16306,1,Emerging
16307,1,Emerging
16308,3,Inactive
16309,1,Emerging
16310,3,Inactive
16311,1,Emerging
16312,1,Emerging
16313,1,Emerging
16314,1,Emerging
16315,3,Inactive
16316,0,Standard
16317,3,Inactive
16318,1,Emerging
16319,1,Emerging
16320,3,Inactive
16321,3,Inactive
16322,1,Emerging
16323,3,Inactive
16324,1,Emerging
16325,3,Inactive
16326,0,Standard
16327,0,Standard
16328,1,Emerging
16329,1,Emerging
16330,3,Inactive
16331,1,Emerging
16332,3,Inactive
16333,3,Inactive
16334,1,Emerging
16335,1,Emerging
16336,1,Emerging
16337,1,Emerging
16338,1,Emerging
16339,1,Emerging
16340,3,Inactive
16341,3,Inactive
16342,1,Emerging
16343,3,Inactive
16344,3,Inactive
16345,3,Inactive
16346,1,Emerging
16347,0,Standard
16348,3,Inactive
16349,1,Emerging
16350,3,Inactive
16351,1,Emerging
16352,1,Emerging
16353,0,Standard
16354,3,Inactive
16355,1,Emerging
16356,3,Inactive
16357,3,Inactive
16358,3,Inactive
16359,3,Inactive
16360,0,Standard
16361,1,Emerging
16362,3,Inactive
16363,1,Emerging
16364,3,Inactive
16365,3,Inactive
16366,3,Inactive
16367,3,Inactive
16368,3,Inactive
16369,3,Inactive
16370,1,Emerging
16371,1,Emerging
16372,3,Inactive
16373,1,Emerging
16374,3,Inactive
16375,1,Emerging
16376,1,Emerging
16377,3,Inactive
16378,1,Emerging
16379,1,Emerging
16380,1,Emerging
16381,1,Emerging
16382,1,Emerging
16383,3,Inactive
16384,3,Inactive
16385,3,Inactive
16386,3,Inactive
16387,1,Emerging
16388,1,Emerging
16389,3,Inactive
16390,1,Emerging
16391,1,Emerging
16392,3,Inactive
16393,0,Standard
16394,3,Inactive
16395,0,Standard
16396,1,Emerging
16397,1,Emerging
16398,1,Emerging
16399,3,Inactive
16400,3,Inactive
16401,0,Standard
16402,1,Emerging
16403,1,Emerging
16404,1,Emerging
16405,1,Emerging
16406,3,Inactive
16407,3,Inactive
16408,1,Emerging
16409,0,Standard
16410,1,Emerging
16411,3,Inactive
16412,3,Inactive
16413,3,Inactive
16414,3,Inactive
16415,3,Inactive
16416,3,Inactive
16417,1,Emerging
16418,3,Inactive
16419,3,Inactive
16420,1,Emerging
16421,1,Emerging
16422,0,Standard
16423,1,Emerging
16424,3,Inactive
16425,1,Emerging
16426,0,Standard
16427,1,Emerging
16428,1,Emerging
16429,1,Emerging
16430,3,Inactive
16431,1,Emerging
16432,1,Emerging
16433,3,Inactive
16434,3,Inactive
16435,1,Emerging
16436,1,Emerging
16437,1,Emerging
16438,1,Emerging
16439,1,Emerging
16440,3,Inactive
16441,3,Inactive
16442,3,Inactive
16443,1,Emerging
16444,0,Standard
16445,3,Inactive
16446,2,VIP
16447,3,Inactive
16448,3,Inactive
16449,1,Emerging
16450,3,Inactive
16451,3,Inactive
16452,1,Emerging
16453,1,Emerging
16454,3,Inactive
16455,3,Inactive
16456,0,Standard
16457,1,Emerging
16458,0,Standard
16459,1,Emerging
16460,1,Emerging
16461,3,Inactive
16462,3,Inactive
16463,3,Inactive
16464,3,Inactive
16465,1,Emerging
16466,0,Standard
16467,1,Emerging
16468,3,Inactive
16469,3,Inactive
16470,0,Standard
16471,3,Inactive
16472,1,Emerging
16473,1,Emerging
16474,0,Standard
16475,1,Emerging
16476,1,Emerging
16477,3,Inactive
16478,1,Emerging
16479,1,Emerging
16480,1,Emerging
16481,1,Emerging
16482,1,Emerging
16483,1,Emerging
16484,1,Emerging
16485,3,Inactive
16486,1,Emerging
16487,1,Emerging
16488,1,Emerging
16489,1,Emerging
16490,1,Emerging
16491,3,Inactive
16492,1,Emerging
16493,3,Inactive
16494,1,Emerging
16495,3,Inactive
16496,3,Inactive
16497,0,Standard
16498,1,Emerging
16499,1,Emerging
16500,3,Inactive
16501,1,Emerging
16502,1,Emerging
16503,3,Inactive
16504,1,Emerging
16505,1,Emerging
16506,1,Emerging
16507,1,Emerging
16508,1,Emerging
16509,1,Emerging
16510,1,Emerging
16511,3,Inactive
16513,1,Emerging
16515,3,Inactive
16516,1,Emerging
16517,1,Emerging
16518,3,Inactive
16519,3,Inactive
16520,3,Inactive
16521,1,Emerging
16522,1,Emerging
16523,0,Standard
16524,3,Inactive
16525,0,Standard
16526,3,Inactive
16527,3,Inactive
16528,1,Emerging
16529,3,Inactive
16530,1,Emerging
16531,3,Inactive
16532,3,Inactive
16533,1,Emerging
16534,1,Emerging
16535,3,Inactive
16536,1,Emerging
16537,1,Emerging
16538,1,Emerging
16539,3,Inactive
16540,1,Emerging
16541,1,Emerging
16542,3,Inactive
16543,1,Emerging
16544,1,Emerging
16545,3,Inactive
16546,1,Emerging
16547,1,Emerging
16548,1,Emerging
16549,0,Standard
16550,0,Standard
16551,3,Inactive
16552,1,Emerging
16553,0,Standard
16554,3,Inactive
16555,3,Inactive
16556,0,Standard
16557,1,Emerging
16558,0,Standard
16559,1,Emerging
16560,3,Inactive
16561,1,Emerging
16562,1,Emerging
16563,3,Inactive
16564,1,Emerging
16565,1,Emerging
16566,3,Inactive
16567,1,Emerging
16568,1,Emerging
16569,3,Inactive
16570,0,Standard
16571,3,Inactive
16572,1,Emerging
16573,3,Inactive
16574,3,Inactive
16576,1,Emerging
16577,1,Emerging
16578,1,Emerging
16579,1,Emerging
16581,1,Emerging
16582,1,Emerging
16583,3,Inactive
16584,3,Inactive
16585,1,Emerging
16586,3,Inactive
16587,1,Emerging
16588,1,Emerging
16589,3,Inactive
16590,1,Emerging
16591,1,Emerging
16592,0,Standard
16593,3,Inactive
16594,1,Emerging
16595,0,Standard
16596,3,Inactive
16597,1,Emerging
16598,1,Emerging
16599,1,Emerging
16600,3,Inactive
16601,3,Inactive
16602,3,Inactive
16603,1,Emerging
16604,1,Emerging
16605,1,Emerging
16606,1,Emerging
16607,0,Standard
16608,1,Emerging
16609,3,Inactive
16610,1,Emerging
16611,3,Inactive
16612,3,Inactive
16613,1,Emerging
16614,3,Inactive
16615,1,Emerging
16616,3,Inactive
16617,1,Emerging
16618,3,Inactive
16619,3,Inactive
16620,3,Inactive
16621,3,Inactive
16622,1,Emerging
16623,3,Inactive
16624,1,Emerging
16625,1,Emerging
16626,3,Inactive
16627,1,Emerging
16628,3,Inactive
16629,1,Emerging
16630,1,Emerging
16631,1,Emerging
16632,1,Emerging
16633,3,Inactive
16634,3,Inactive
16635,1,Emerging
16636,1,Emerging
16637,3,Inactive
16638,3,Inactive
16639,3,Inactive
16640,1,Emerging
16641,3,Inactive
16642,3,Inactive
16643,3,Inactive
16644,1,Emerging
16645,1,Emerging
16646,1,Emerging
16647,3,Inactive
16648,3,Inactive
16649,1,Emerging
16650,3,Inactive
16651,1,Emerging
16652,0,Standard
16653,1,Emerging
16654,3,Inactive
16655,0,Standard
16656,0,Standard
16657,3,Inactive
16658,1,Emerging
16659,1,Emerging
16660,3,Inactive
16661,1,Emerging
16662,1,Emerging
16663,1,Emerging
16664,1,Emerging
16665,1,Emerging
16666,3,Inactive
16667,3,Inactive
16668,3,Inactive
16669,1,Emerging
16670,0,Standard
16671,1,Emerging
16672,3,Inactive
16673,1,Emerging
16674,1,Emerging
16675,1,Emerging
16676,3,Inactive
16677,3,Inactive
16678,3,Inactive
16679,1,Emerging
16680,3,Inactive
16681,3,Inactive
16682,1,Emerging
16683,1,Emerging
16684,0,Standard
16685,1,Emerging
16686,0,Standard
16687,1,Emerging
16688,1,Emerging
16689,1,Emerging
16690,3,Inactive
16691,1,Emerging
16692,1,Emerging
16693,3,Inactive
16694,1,Emerging
16695,1,Emerging
16696,1,Emerging
16697,1,Emerging
16698,1,Emerging
16699,1,Emerging
16700,0,Standard
16701,0,Standard
16702,3,Inactive
16704,1,Emerging
16705,0,Standard
16706,1,Emerging
16707,1,Emerging
16708,1,Emerging
16709,0,Standard
16710,0,Standard
16711,3,Inactive
16712,0,Standard
16713,0,Standard
16714,3,Inactive
16715,3,Inactive
16716,3,Inactive
16717,0,Standard
16718,3,Inactive
16719,0,Standard
16720,3,Inactive
16721,1,Emerging
16722,0,Standard
16723,3,Inactive
16724,1,Emerging
16725,0,Standard
16726,3,Inactive
16727,3,Inactive
16728,3,Inactive
16729,0,Standard
16730,3,Inactive
16731,1,Emerging
16732,3,Inactive
16733,1,Emerging
16734,1,Emerging
16735,0,Standard
16736,1,Emerging
16737,3,Inactive
16738,1,Emerging
16739,3,Inactive
16740,1,Emerging
16741,1,Emerging
16742,3,Inactive
16743,3,Inactive
16744,3,Inactive
16745,0,Standard
16746,0,Standard
16747,1,Emerging
16748,3,Inactive
16749,1,Emerging
16750,1,Emerging
16751,1,Emerging
16752,1,Emerging
16753,1,Emerging
16754,0,Standard
16755,3,Inactive
16756,3,Inactive
16757,1,Emerging
16758,1,Emerging
16759,1,Emerging
16760,1,Emerging
16761,1,Emerging
16762,1,Emerging
16763,3,Inactive
16764,0,Standard
16765,1,Emerging
16766,1,Emerging
16767,0,Standard
16768,3,Inactive
16769,3,Inactive
16770,3,Inactive
16771,0,Standard
16772,3,Inactive
16773,3,Inactive
16774,3,Inactive
16775,3,Inactive
16776,3,Inactive
16777,3,Inactive
16778,3,Inactive
16779,0,Standard
16780,3,Inactive
16781,3,Inactive
16782,0,Standard
16783,1,Emerging
16784,3,Inactive
16785,1,Emerging
16786,1,Emerging
16787,1,Emerging
16788,0,Standard
16789,1,Emerging
16790,1,Emerging
16791,0,Standard
16792,3,Inactive
16793,1,Emerging
16794,0,Standard
16795,3,Inactive
16796,1,Emerging
16797,3,Inactive
16798,1,Emerging
16799,1,Emerging
16800,1,Emerging
16801,1,Emerging
16802,1,Emerging
16803,1,Emerging
16804,3,Inactive
16805,3,Inactive
16806,1,Emerging
16807,3,Inactive
16808,3,Inactive
16809,3,Inactive
16810,3,Inactive
16811,1,Emerging
16812,1,Emerging
16813,0,Standard
16814,0,Standard
16815,1,Emerging
16816,3,Inactive
16817,3,Inactive
16818,3,Inactive
16819,1,Emerging
16820,1,Emerging
16821,1,Emerging
16822,1,Emerging
16823,3,Inactive
16824,3,Inactive
16825,3,Inactive
16826,1,Emerging
16827,1,Emerging
16828,1,Emerging
16829,3,Inactive
16830,3,Inactive
16831,1,Emerging
16832,3,Inactive
16833,3,Inactive
16834,3,Inactive
16835,3,Inactive
16836,3,Inactive
16837,1,Emerging
16838,3,Inactive
16839,0,Standard
16840,1,Emerging
16841,3,Inactive
16842,3,Inactive
16843,0,Standard
16844,1,Emerging
16845,1,Emerging
16846,3,Inactive
16847,3,Inactive
16848,3,Inactive
16849,1,Emerging
16850,1,Emerging
16851,1,Emerging
16852,3,Inactive
16854,3,Inactive
16855,1,Emerging
16856,3,Inactive
16857,1,Emerging
16858,1,Emerging
16859,3,Inactive
16860,1,Emerging
16861,3,Inactive
16862,1,Emerging
16863,3,Inactive
16864,1,Emerging
16865,1,Emerging
16866,1,Emerging
16867,1,Emerging
16868,1,Emerging
16869,1,Emerging
16870,1,Emerging
16871,3,Inactive
16872,3,Inactive
16873,0,Standard
16874,1,Emerging
16875,3,Inactive
16876,1,Emerging
16877,3,Inactive
16878,1,Emerging
16880,3,Inactive
16881,1,Emerging
16882,3,Inactive
16883,0,Standard
16884,3,Inactive
16885,3,Inactive
16886,1,Emerging
16887,3,Inactive
16888,3,Inactive
16889,3,Inactive
16890,1,Emerging
16891,0,Standard
16892,3,Inactive
16893,1,Emerging
16894,1,Emerging
16895,3,Inactive
16896,1,Emerging
16897,1,Emerging
16898,3,Inactive
16899,3,Inactive
16900,1,Emerging
16901,1,Emerging
16902,1,Emerging
16903,3,Inactive
16904,0,Standard
16905,0,Standard
16906,3,Inactive
16907,3,Inactive
16908,1,Emerging
16909,1,Emerging
16910,0,Standard
16911,1,Emerging
16912,3,Inactive
16913,3,Inactive
16914,1,Emerging
16915,3,Inactive
16916,3,Inactive
16917,3,Inactive
16918,0,Standard
16919,0,Standard
16920,1,Emerging
16921,3,Inactive
16922,1,Emerging
16923,0,Standard
16924,1,Emerging
16925,1,Emerging
16926,1,Emerging
16927,3,Inactive
16928,0,Standard
16929,1,Emerging
16930,1,Emerging
16931,0,Standard
16932,3,Inactive
16933,3,Inactive
16934,3,Inactive
16935,1,Emerging
16936,3,Inactive
16937,1,Emerging
16938,0,Standard
16939,1,Emerging
16940,0,Standard
16941,1,Emerging
16942,3,Inactive
16943,3,Inactive
16944,1,Emerging
16945,0,Standard
16946,1,Emerging
16947,3,Inactive
16948,3,Inactive
16949,3,Inactive
16950,3,Inactive
16951,1,Emerging
16952,3,Inactive
16953,1,Emerging
16954,3,Inactive
16955,3,Inactive
16956,1,Emerging
16957,1,Emerging
16958,1,Emerging
16959,1,Emerging
16960,0,Standard
16961,3,Inactive
16962,1,Emerging
16963,1,Emerging
16964,1,Emerging
16965,1,Emerging
16966,3,Inactive
16967,1,Emerging
16968,1,Emerging
16969,1,Emerging
16970,1,Emerging
16971,1,Emerging
16972,1,Emerging
16973,1,Emerging
16974,1,Emerging
16975,1,Emerging
16976,1,Emerging
16977,1,Emerging
16978,3,Inactive
16979,3,Inactive
16980,1,Emerging
16982,1,Emerging
16983,3,Inactive
16984,0,Standard
16985,0,Standard
16986,3,Inactive
16987,3,Inactive
16988,3,Inactive
16989,1,Emerging
16990,3,Inactive
16991,1,Emerging
16992,0,Standard
16993,1,Emerging
16996,3,Inactive
16997,1,Emerging
16998,3,Inactive
16999,1,Emerging
17000,1,Emerging
17001,0,Standard
17002,3,Inactive
17003,1,Emerging
17004,3,Inactive
17005,1,Emerging
17006,3,Inactive
17007,3,Inactive
17008,1,Emerging
17009,1,Emerging
17010,1,Emerging
17011,3,Inactive
17012,1,Emerging
17014,1,Emerging
17015,3,Inactive
17016,1,Emerging
17017,0,Standard
17018,3,Inactive
17019,0,Standard
17020,1,Emerging
17021,1,Emerging
17022,3,Inactive
17023,3,Inactive
17024,1,Emerging
17025,3,Inactive
17026,3,Inactive
17027,3,Inactive
17028,1,Emerging
17029,3,Inactive
17030,1,Emerging
17031,3,Inactive
17032,1,Emerging
17033,3,Inactive
17034,3,Inactive
17035,3,Inactive
17036,1,Emerging
17037,1,Emerging
17038,3,Inactive
17039,1,Emerging
17040,3,Inactive
17041,3,Inactive
17042,3,Inactive
17043,3,Inactive
17044,3,Inactive
17045,3,Inactive
17046,3,Inactive
17047,3,Inactive
17048,3,Inactive
17049,0,Standard
17050,0,Standard
17051,3,Inactive
17052,1,Emerging
17053,1,Emerging
17054,3,Inactive
17055,1,Emerging
17056,1,Emerging
17057,1,Emerging
17058,1,Emerging
17059,0,Standard
17060,1,Emerging
17061,1,Emerging
17062,1,Emerging
17063,3,Inactive
17064,3,Inactive
17065,1,Emerging
17066,1,Emerging
17067,1,Emerging
17068,0,Standard
17069,0,Standard
17070,3,Inactive
17071,3,Inactive
17072,1,Emerging
17073,1,Emerging
17074,1,Emerging
17075,3,Inactive
17076,3,Inactive
17077,1,Emerging
17078,1,Emerging
17079,1,Emerging
17080,3,Inactive
17081,3,Inactive
17082,3,Inactive
17083,3,Inactive
17084,3,Inactive
17085,0,Standard
17086,1,Emerging
17087,1,Emerging
17088,3,Inactive
17089,1,Emerging
17090,3,Inactive
17091,0,Standard
17092,0,Standard
17093,1,Emerging
17094,1,Emerging
17095,3,Inactive
17096,3,Inactive
17097,3,Inactive
17098,1,Emerging
17099,1,Emerging
17100,1,Emerging
17101,3,Inactive
17102,1,Emerging
17103,1,Emerging
17104,1,Emerging
17105,3,Inactive
17106,1,Emerging
17107,0,Standard
17108,1,Emerging
17109,3,Inactive
17110,3,Inactive
17111,3,Inactive
17112,1,Emerging
17113,1,Emerging
17114,3,Inactive
17115,3,Inactive
17116,1,Emerging
17117,1,Emerging
17118,1,Emerging
17119,1,Emerging
17120,1,Emerging
17121,1,Emerging
17122,3,Inactive
17123,3,Inactive
17124,1,Emerging
17125,1,Emerging
17126,0,Standard
17127,1,Emerging
17128,1,Emerging
17129,1,Emerging
17131,1,Emerging
17132,1,Emerging
17133,3,Inactive
17134,3,Inactive
17135,3,Inactive
17136,1,Emerging
17137,1,Emerging
17138,3,Inactive
17139,0,Standard
17140,1,Emerging
17141,1,Emerging
17142,3,Inactive
17143,1,Emerging
17144,1,Emerging
17145,1,Emerging
17146,3,Inactive
17147,3,Inactive
17148,1,Emerging
17149,1,Emerging
17150,1,Emerging
17151,1,Emerging
17152,1,Emerging
17153,1,Emerging
17154,1,Emerging
17155,3,Inactive
17156,1,Emerging
17157,3,Inactive
17158,3,Inactive
17159,3,Inactive
17160,0,Standard
17161,1,Emerging
17162,3,Inactive
17163,3,Inactive
17164,3,Inactive
17165,3,Inactive
17166,3,Inactive
17167,1,Emerging
17168,1,Emerging
17169,3,Inactive
17170,1,Emerging
17171,3,Inactive
17172,3,Inactive
17173,1,Emerging
17174,1,Emerging
17175,3,Inactive
17176,3,Inactive
17177,1,Emerging
17178,1,Emerging
17179,3,Inactive
17180,0,Standard
17181,3,Inactive
17182,3,Inactive
17183,1,Emerging
17184,1,Emerging
17185,1,Emerging
17186,1,Emerging
17187,3,Inactive
17188,3,Inactive
17189,3,Inactive
17190,3,Inactive
17191,0,Standard
17192,1,Emerging
17193,3,Inactive
17194,3,Inactive
17195,1,Emerging
17196,1,Emerging
17197,1,Emerging
17198,3,Inactive
17199,1,Emerging
17200,1,Emerging
17201,3,Inactive
17202,1,Emerging
17203,3,Inactive
17204,3,Inactive
17205,3,Inactive
17206,1,Emerging
17207,1,Emerging
17208,1,Emerging
17209,1,Emerging
17210,1,Emerging
17211,0,Standard
17212,3,Inactive
17213,3,Inactive
17214,3,Inactive
17215,1,Emerging
17216,1,Emerging
17217,3,Inactive
17218,0,Standard
17219,3,Inactive
17220,0,Standard
17221,3,Inactive
17222,3,Inactive
17223,1,Emerging
17224,1,Emerging
17225,1,Emerging
17226,3,Inactive
17227,3,Inactive
17228,0,Standard
17229,1,Emerging
17230,3,Inactive
17231,0,Standard
17232,1,Emerging
17233,3,Inactive
17234,1,Emerging
17235,3,Inactive
17236,3,Inactive
17237,3,Inactive
17238,0,Standard
17239,1,Emerging
17240,1,Emerging
17241,1,Emerging
17242,3,Inactive
17243,0,Standard
17244,3,Inactive
17245,3,Inactive
17246,1,Emerging
17247,1,Emerging
17248,3,Inactive
17249,1,Emerging
17250,3,Inactive
17251,3,Inactive
17252,1,Emerging
17253,1,Emerging
17254,3,Inactive
17255,3,Inactive
17256,3,Inactive
17257,1,Emerging
17258,3,Inactive
17259,3,Inactive
17260,1,Emerging
17261,1,Emerging
17262,3,Inactive
17263,1,Emerging
17264,1,Emerging
17265,1,Emerging
17266,3,Inactive
17267,1,Emerging
17268,3,Inactive
17269,1,Emerging
17270,3,Inactive
17271,1,Emerging
17272,3,Inactive
17273,1,Emerging
17274,3,Inactive
17275,1,Emerging
17276,1,Emerging
17277,1,Emerging
17278,3,Inactive
17279,1,Emerging
17280,1,Emerging
17281,1,Emerging
17282,3,Inactive
17283,1,Emerging
17284,0,Standard
17285,1,Emerging
17286,3,Inactive
17287,0,Standard
17288,0,Standard
17289,3,Inactive
17290,3,Inactive
17291,1,Emerging
17292,1,Emerging
17293,0,Standard
17294,1,Emerging
17295,1,Emerging
17296,1,Emerging
17297,1,Emerging
17298,3,Inactive
17299,3,Inactive
17300,1,Emerging
17301,3,Inactive
17302,3,Inactive
17303,1,Emerging
17304,1,Emerging
17305,1,Emerging
17306,3,Inactive
17307,1,Emerging
17308,1,Emerging
17309,3,Inactive
17310,1,Emerging
17311,3,Inactive
17312,1,Emerging
17313,1,Emerging
17314,0,Standard
17315,0,Standard
17316,1,Emerging
17317,1,Emerging
17318,1,Emerging
17319,1,Emerging
17320,3,Inactive
17321,3,Inactive
17322,3,Inactive
17323,3,Inactive
17324,3,Inactive
17325,3,Inactive
17326,1,Emerging
17327,1,Emerging
17328,1,Emerging
17329,3,Inactive
17330,3,Inactive
17331,1,Emerging
17332,1,Emerging
17333,1,Emerging
17334,1,Emerging
17335,3,Inactive
17336,1,Emerging
17337,0,Standard
17338,0,Standard
17339,3,Inactive
17340,0,Standard
17341,3,Inactive
17342,1,Emerging
17343,3,Inactive
17344,3,Inactive
17345,3,Inactive
17346,0,Standard
17347,1,Emerging
17348,0,Standard
17349,3,Inactive
17350,3,Inactive
17351,3,Inactive
17352,1,Emerging
17353,3,Inactive
17354,3,Inactive
17355,1,Emerging
17356,3,Inactive
17357,1,Emerging
17358,3,Inactive
17359,3,Inactive
17360,3,Inactive
17361,3,Inactive
17362,3,Inactive
17363,1,Emerging
17364,0,Standard
17365,0,Standard
17366,1,Emerging
17367,1,Emerging
17368,0,Standard
17369,1,Emerging
17370,1,Emerging
17371,3,Inactive
17372,0,Standard
17373,3,Inactive
17374,1,Emerging
17375,1,Emerging
17376,3,Inactive
17377,0,Standard
17378,1,Emerging
17379,1,Emerging
17380,1,Emerging
17381,0,Standard
17382,3,Inactive
17383,3,Inactive
17384,3,Inactive
17385,1,Emerging
17386,3,Inactive
17387,1,Emerging
17388,3,Inactive
17389,0,Standard
17390,1,Emerging
17391,1,Emerging
17392,1,Emerging
17393,1,Emerging
17394,1,Emerging
17395,1,Emerging
17396,3,Inactive
17397,3,Inactive
17398,1,Emerging
17400,0,Standard
17401,1,Emerging
17402,0,Standard
17403,3,Inactive
17404,0,Standard
17405,3,Inactive
17406,3,Inactive
17407,1,Emerging
17408,3,Inactive
17409,3,Inactive
17410,3,Inactive
17411,3,Inactive
17412,0,Standard
17413,1,Emerging
17414,3,Inactive
17415,1,Emerging
17416,0,Standard
17417,1,Emerging
17418,3,Inactive
17419,0,Standard
17420,3,Inactive
17421,3,Inactive
17422,3,Inactive
17423,3,Inactive
17425,1,Emerging
17426,0,Standard
17427,1,Emerging
17428,0,Standard
17429,3,Inactive
17430,3,Inactive
17431,1,Emerging
17432,3,Inactive
17433,3,Inactive
17434,1,Emerging
17435,1,Emerging
17436,3,Inactive
17437,1,Emerging
17438,3,Inactive
17439,1,Emerging
17440,3,Inactive
17441,1,Emerging
17442,0,Standard
17443,1,Emerging
17444,1,Emerging
17446,1,Emerging
17447,1,Emerging
17448,0,Standard
17449,0,Standard
17450,0,Standard
17451,1,Emerging
17453,1,Emerging
17454,3,Inactive
17455,1,Emerging
17456,1,Emerging
17457,3,Inactive
17458,3,Inactive
17459,1,Emerging
17460,3,Inactive
17461,1,Emerging
17462,3,Inactive
17463,3,Inactive
17464,3,Inactive
17465,1,Emerging
17466,1,Emerging
17467,1,Emerging
17468,3,Inactive
17469,0,Standard
17470,3,Inactive
17471,1,Emerging
17472,3,Inactive
17473,1,Emerging
17474,1,Emerging
17475,1,Emerging
17476,3,Inactive
17477,1,Emerging
17478,3,Inactive
17479,1,Emerging
17480,3,Inactive
17481,1,Emerging
17482,1,Emerging
17483,3,Inactive
17484,1,Emerging
17486,1,Emerging
17487,1,Emerging
17488,1,Emerging
17489,3,Inactive
17490,3,Inactive
17491,3,Inactive
17492,3,Inactive
17493,1,Emerging
17494,1,Emerging
17495,3,Inactive
17496,3,Inactive
17497,3,Inactive
17498,1,Emerging
17499,3,Inactive
17500,1,Emerging
17501,1,Emerging
17502,1,Emerging
17503,1,Emerging
17504,0,Standard
17505,3,Inactive
17506,1,Emerging
17507,1,Emerging
17508,3,Inactive
17509,1,Emerging
17510,3,Inactive
17511,0,Standard
17512,3,Inactive
17513,3,Inactive
17514,3,Inactive
17515,3,Inactive
17516,3,Inactive
17517,1,Emerging
17518,1,Emerging
17519,3,Inactive
17520,1,Emerging
17521,3,Inactive
17522,3,Inactive
17523,1,Emerging
17524,1,Emerging
17525,1,Emerging
17526,3,Inactive
17527,1,Emerging
17528,1,Emerging
17529,1,Emerging
17530,0,Standard
17531,3,Inactive
17532,1,Emerging
17533,1,Emerging
17534,3,Inactive
17535,1,Emerging
17536,3,Inactive
17537,3,Inactive
17538,1,Emerging
17539,1,Emerging
17540,3,Inactive
17541,1,Emerging
17542,3,Inactive
17543,1,Emerging
17544,1,Emerging
17545,3,Inactive
17547,3,Inactive
17548,1,Emerging
17549,1,Emerging
17550,0,Standard
17551,1,Emerging
17552,3,Inactive
17553,3,Inactive
17554,1,Emerging
17555,3,Inactive
17556,3,Inactive
17557,3,Inactive
17558,1,Emerging
17559,1,Emerging
17560,3,Inactive
17561,3,Inactive
17562,1,Emerging
17563,1,Emerging
17564,1,Emerging
17565,1,Emerging
17566,1,Emerging
17567,3,Inactive
17568,1,Emerging
17569,1,Emerging
17570,1,Emerging
17571,3,Inactive
17572,3,Inactive
17573,1,Emerging
17574,1,Emerging
17575,1,Emerging
17576,0,Standard
17577,1,Emerging
17578,1,Emerging
17579,3,Inactive
17580,1,Emerging
17581,0,Standard
17582,3,Inactive
17583,1,Emerging
17584,3,Inactive
17585,0,Standard
17586,1,Emerging
17587,1,Emerging
17588,3,Inactive
17589,0,Standard
17590,1,Emerging
17591,3,Inactive
17592,1,Emerging
17593,0,Standard
17594,3,Inactive
17595,1,Emerging
17596,0,Standard
17597,3,Inactive
17598,1,Emerging
17599,1,Emerging
17600,1,Emerging
17601,1,Emerging
17602,0,Standard
17603,3,Inactive
17604,3,Inactive
17605,1,Emerging
17606,1,Emerging
17607,1,Emerging
17608,3,Inactive
17609,0,Standard
17610,1,Emerging
17611,0,Standard
17612,0,Standard
17613,0,Standard
17614,1,Emerging
17615,3,Inactive
17616,3,Inactive
17617,1,Emerging
17618,0,Standard
17619,1,Emerging
17620,1,Emerging
17621,3,Inactive
17622,1,Emerging
17623,3,Inactive
17624,3,Inactive
17625,0,Standard
17626,1,Emerging
17627,1,Emerging
17628,1,Emerging
17629,3,Inactive
17630,1,Emerging
17631,3,Inactive
17633,3,Inactive
17634,3,Inactive
17635,1,Emerging
17636,1,Emerging
17637,1,Emerging
17638,1,Emerging
17639,1,Emerging
17640,3,Inactive
17642,3,Inactive
17643,1,Emerging
17644,0,Standard
17646,3,Inactive
17647,3,Inactive
17648,3,Inactive
17649,3,Inactive
17650,1,Emerging
17651,0,Standard
17652,3,Inactive
17653,1,Emerging
17654,1,Emerging
17655,3,Inactive
17656,1,Emerging
17657,1,Emerging
17658,3,Inactive
17659,3,Inactive
17660,3,Inactive
17662,1,Emerging
17663,0,Standard
17664,3,Inactive
17665,1,Emerging
17666,3,Inactive
17667,3,Inactive
17668,1,Emerging
17669,3,Inactive
17670,1,Emerging
17671,3,Inactive
17672,3,Inactive
17673,0,Standard
17674,3,Inactive
17675,0,Standard
17676,3,Inactive
17677,0,Standard
17678,3,Inactive
17679,3,Inactive
17680,3,Inactive
17681,1,Emerging
17682,3,Inactive
17683,1,Emerging
17684,1,Emerging
17685,3,Inactive
17686,0,Standard
17687,1,Emerging
17688,1,Emerging
17689,1,Emerging
17690,0,Standard
17691,1,Emerging
17692,3,Inactive
17693,1,Emerging
17694,3,Inactive
17695,3,Inactive
17696,0,Standard
17697,1,Emerging
17698,1,Emerging
17699,1,Emerging
17700,0,Standard
17701,1,Emerging
17702,3,Inactive
17703,3,Inactive
17704,1,Emerging
17705,3,Inactive
17706,0,Standard
17707,3,Inactive
17708,1,Emerging
17709,3,Inactive
17710,1,Emerging
17711,3,Inactive
17712,1,Emerging
17713,1,Emerging
17714,1,Emerging
17715,3,Inactive
17716,0,Standard
17717,1,Emerging
17718,3,Inactive
17719,1,Emerging
17720,3,Inactive
17721,1,Emerging
17722,3,Inactive
17723,1,Emerging
17724,1,Emerging
17725,3,Inactive
17726,1,Emerging
17727,1,Emerging
17728,3,Inactive
17729,1,Emerging
17730,0,Standard
17731,3,Inactive
17732,1,Emerging
17733,3,Inactive
17734,3,Inactive
17735,0,Standard
17736,1,Emerging
17737,1,Emerging
17738,3,Inactive
17739,3,Inactive
17740,1,Emerging
17741,1,Emerging
17742,3,Inactive
17743,1,Emerging
17744,3,Inactive
17745,1,Emerging
17746,3,Inactive
17747,1,Emerging
17748,1,Emerging
17749,3,Inactive
17750,1,Emerging
17751,1,Emerging
17752,1,Emerging
17753,1,Emerging
17754,0,Standard
17756,1,Emerging
17757,0,Standard
17758,0,Standard
17759,3,Inactive
17760,3,Inactive
17761,1,Emerging
17762,1,Emerging
17763,3,Inactive
17764,3,Inactive
17765,3,Inactive
17766,1,Emerging
17767,3,Inactive
17768,3,Inactive
17769,0,Standard
17770,1,Emerging
17771,3,Inactive
17772,3,Inactive
17773,1,Emerging
17774,0,Standard
17775,1,Emerging
17776,3,Inactive
17777,1,Emerging
17778,1,Emerging
17779,1,Emerging
17780,1,Emerging
17781,1,Emerging
17782,1,Emerging
17783,3,Inactive
17784,1,Emerging
17785,3,Inactive
17786,3,Inactive
17787,3,Inactive
17788,1,Emerging
17789,3,Inactive
17790,0,Standard
17791,1,Emerging
17792,1,Emerging
17793,1,Emerging
17794,1,Emerging
17795,1,Emerging
17796,3,Inactive
17797,3,Inactive
17798,1,Emerging
17799,0,Standard
17800,3,Inactive
17801,1,Emerging
17802,0,Standard
17803,1,Emerging
17804,3,Inactive
17805,3,Inactive
17806,1,Emerging
17807,3,Inactive
17808,1,Emerging
17809,3,Inactive
17810,1,Emerging
17811,0,Standard
17812,3,Inactive
17813,0,Standard
17814,1,Emerging
17815,1,Emerging
17816,3,Inactive
17817,3,Inactive
17818,1,Emerging
17819,3,Inactive
17820,1,Emerging
17821,1,Emerging
17822,1,Emerging
17823,1,Emerging
17824,1,Emerging
17825,1,Emerging
17826,1,Emerging
17827,3,Inactive
17828,1,Emerging
17829,3,Inactive
17830,3,Inactive
17831,1,Emerging
17832,1,Emerging
17833,1,Emerging
17834,1,Emerging
17835,1,Emerging
17836,1,Emerging
17837,1,Emerging
17838,3,Inactive
17839,1,Emerging
17840,1,Emerging
17841,4,Frequent
17842,1,Emerging
17843,1,Emerging
17844,1,Emerging
17845,1,Emerging
17846,1,Emerging
17847,1,Emerging
17848,0,Standard
17849,3,Inactive
17850,0,Standard
17851,1,Emerging
17852,3,Inactive
17853,3,Inactive
17854,3,Inactive
17855,1,Emerging
17856,3,Inactive
17857,3,Inactive
17858,0,Standard
17859,1,Emerging
17860,3,Inactive
17861,0,Standard
17862,1,Emerging
17863,3,Inactive
17864,3,Inactive
17865,0,Standard
17866,3,Inactive
17867,3,Inactive
17868,1,Emerging
17869,3,Inactive
17870,0,Standard
17871,3,Inactive
17872,1,Emerging
17873,3,Inactive
17874,1,Emerging
17875,1,Emerging
17876,1,Emerging
17877,1,Emerging
17878,3,Inactive
17879,1,Emerging
17880,3,Inactive
17881,1,Emerging
17882,1,Emerging
17883,3,Inactive
17884,0,Standard
17885,1,Emerging
17886,3,Inactive
17887,1,Emerging
17888,0,Standard
17889,3,Inactive
17890,1,Emerging
17891,1,Emerging
17892,1,Emerging
17893,1,Emerging
17894,0,Standard
17895,1,Emerging
17896,1,Emerging
17897,3,Inactive
17898,3,Inactive
17899,1,Emerging
17900,1,Emerging
17901,3,Inactive
17902,1,Emerging
17903,1,Emerging
17904,1,Emerging
17905,3,Inactive
17906,1,Emerging
17907,1,Emerging
17908,3,Inactive
17909,1,Emerging
17910,1,Emerging
17911,1,Emerging
17912,1,Emerging
17913,0,Standard
17914,1,Emerging
17915,1,Emerging
17916,1,Emerging
17917,3,Inactive
17918,1,Emerging
17919,3,Inactive
17920,0,Standard
17921,0,Standard
17922,1,Emerging
17923,3,Inactive
17924,3,Inactive
17925,1,Emerging
17926,3,Inactive
17927,1,Emerging
17928,3,Inactive
17929,3,Inactive
17930,3,Inactive
17931,0,Standard
17932,3,Inactive
17933,1,Emerging
17934,3,Inactive
17935,3,Inactive
17936,1,Emerging
17937,3,Inactive
17938,1,Emerging
17939,1,Emerging
17940,3,Inactive
17941,3,Inactive
17942,1,Emerging
17944,1,Emerging
17945,1,Emerging
17946,1,Emerging
17947,1,Emerging
17948,1,Emerging
17949,0,Standard
17950,3,Inactive
17951,3,Inactive
17952,1,Emerging
17953,1,Emerging
17954,0,Standard
17955,3,Inactive
17956,1,Emerging
17957,1,Emerging
17958,3,Inactive
17959,1,Emerging
17960,3,Inactive
17961,0,Standard
17962,3,Inactive
17963,1,Emerging
17964,3,Inactive
17965,0,Standard
17966,3,Inactive
17967,1,Emerging
17968,1,Emerging
17969,3,Inactive
17970,1,Emerging
17971,1,Emerging
17972,1,Emerging
17973,1,Emerging
17974,0,Standard
17975,0,Standard
17976,1,Emerging
17977,3,Inactive
17978,3,Inactive
17979,3,Inactive
17980,1,Emerging
17981,1,Emerging
17982,1,Emerging
17983,1,Emerging
17984,3,Inactive
17985,1,Emerging
17986,1,Emerging
17987,3,Inactive
17988,3,Inactive
17989,1,Emerging
17990,3,Inactive
17991,3,Inactive
17992,1,Emerging
17993,1,Emerging
17994,0,Standard
17995,1,Emerging
17996,1,Emerging
17997,1,Emerging
17998,3,Inactive
17999,3,Inactive
18000,1,Emerging
18001,3,Inactive
18002,3,Inactive
18003,1,Emerging
18004,1,Emerging
18005,1,Emerging
18006,3,Inactive
18007,1,Emerging
18008,0,Standard
18009,3,Inactive
18010,1,Emerging
18011,1,Emerging
18012,1,Emerging
18013,1,Emerging
18014,1,Emerging
18015,1,Emerging
18016,3,Inactive
18017,3,Inactive
18018,3,Inactive
18019,1,Emerging
18020,1,Emerging
18021,1,Emerging
18022,0,Standard
18024,1,Emerging
18025,1,Emerging
18026,1,Emerging
18027,1,Emerging
18028,1,Emerging
18029,1,Emerging
18030,1,Emerging
18031,1,Emerging
18032,1,Emerging
18033,1,Emerging
18034,3,Inactive
18035,3,Inactive
18036,0,Standard
18037,3,Inactive
18038,1,Emerging
18039,1,Emerging
18040,3,Inactive
18041,0,Standard
18042,3,Inactive
18043,3,Inactive
18044,3,Inactive
18045,1,Emerging
18046,1,Emerging
18047,1,Emerging
18048,3,Inactive
18049,1,Emerging
18050,1,Emerging
18051,1,Emerging
18052,1,Emerging
18053,3,Inactive
18054,1,Emerging
18055,0,Standard
18056,3,Inactive
18057,3,Inactive
18058,3,Inactive
18059,1,Emerging
18060,1,Emerging
18061,3,Inactive
18062,3,Inactive
18063,3,Inactive
18064,3,Inactive
18065,0,Standard
18066,3,Inactive
18067,1,Emerging
18068,1,Emerging
18069,0,Standard
18070,1,Emerging
18071,3,Inactive
18072,1,Emerging
18073,1,Emerging
18074,1,Emerging
18075,0,Standard
18076,1,Emerging
18077,0,Standard
18078,3,Inactive
18079,3,Inactive
18080,3,Inactive
18081,1,Emerging
18082,1,Emerging
18083,1,Emerging
18084,3,Inactive
18085,3,Inactive
18086,1,Emerging
18087,3,Inactive
18088,1,Emerging
18089,1,Emerging
18090,1,Emerging
18091,1,Emerging
18092,3,Inactive
18093,3,Inactive
18094,3,Inactive
18095,1,Emerging
18096,0,Standard
18097,3,Inactive
18098,1,Emerging
18099,1,Emerging
18100,1,Emerging
18101,3,Inactive
18102,4,Frequent
18103,1,Emerging
18104,1,Emerging
18105,1,Emerging
18106,3,Inactive
18107,1,Emerging
18108,3,Inactive
18109,0,Standard
18110,3,Inactive
18111,1,Emerging
18112,3,Inactive
18113,1,Emerging
18114,1,Emerging
18115,1,Emerging
18116,0,Standard
18117,1,Emerging
18118,0,Standard
18119,1,Emerging
18120,1,Emerging
18121,1,Emerging
18122,3,Inactive
18123,3,Inactive
18124,1,Emerging
18125,3,Inactive
18126,1,Emerging
18127,3,Inactive
18128,1,Emerging
18129,1,Emerging
18130,1,Emerging
18131,1,Emerging
18132,1,Emerging
18133,1,Emerging
18134,1,Emerging
18135,3,Inactive
18136,3,Inactive
18137,1,Emerging
18138,1,Emerging
18139,1,Emerging
18140,1,Emerging
18141,1,Emerging
18142,1,Emerging
18143,1,Emerging
18144,3,Inactive
18145,0,Standard
18146,1,Emerging
18147,1,Emerging
18148,1,Emerging
18149,3,Inactive
18150,3,Inactive
18151,3,Inactive
18152,1,Emerging
18153,1,Emerging
18154,3,Inactive
18155,3,Inactive
18156,3,Inactive
18157,1,Emerging
18158,1,Emerging
18159,1,Emerging
18160,3,Inactive
18161,3,Inactive
18162,1,Emerging
18163,1,Emerging
18164,1,Emerging
18165,1,Emerging
18166,1,Emerging
18167,1,Emerging
18168,0,Standard
18169,1,Emerging
18170,3,Inactive
18171,3,Inactive
18172,0,Standard
18173,3,Inactive
18174,3,Inactive
18175,1,Emerging
18176,1,Emerging
18177,3,Inactive
18178,0,Standard
18179,3,Inactive
18180,1,Emerging
18181,3,Inactive
18182,1,Emerging
18183,1,Emerging
18184,1,Emerging
18185,1,Emerging
18186,1,Emerging
18187,1,Emerging
18188,3,Inactive
18189,3,Inactive
18190,3,Inactive
18191,3,Inactive
18192,1,Emerging
18193,3,Inactive
18194,3,Inactive
18195,1,Emerging
18196,3,Inactive
18197,1,Emerging
18198,3,Inactive
18199,1,Emerging
18200,1,Emerging
18201,1,Emerging
18202,1,Emerging
18203,3,Inactive
18204,1,Emerging
18205,1,Emerging
18206,1,Emerging
18207,1,Emerging
18208,1,Emerging
18209,1,Emerging
18210,3,Inactive
18211,3,Inactive
18212,3,Inactive
18213,1,Emerging
18214,1,Emerging
18215,3,Inactive
18216,1,Emerging
18217,3,Inactive
18218,3,Inactive
18219,3,Inactive
18220,3,Inactive
18221,3,Inactive
18222,1,Emerging
18223,0,Standard
18224,1,Emerging
18225,0,Standard
18226,0,Standard
18227,3,Inactive
18228,1,Emerging
18229,0,Standard
18230,3,Inactive
18231,0,Standard
18232,1,Emerging
18233,1,Emerging
18234,1,Emerging
18235,1,Emerging
18236,3,Inactive
18237,1,Emerging
18238,1,Emerging
18239,1,Emerging
18240,1,Emerging
18241,3,Inactive
18242,3,Inactive
18243,1,Emerging
18244,1,Emerging
18245,0,Standard
18246,3,Inactive
18247,1,Emerging
18248,1,Emerging
18249,1,Emerging
18250,1,Emerging
18251,3,Inactive
18252,3,Inactive
18253,1,Emerging
18254,1,Emerging
18255,3,Inactive
18256,1,Emerging
18257,0,Standard
18258,1,Emerging
18259,3,Inactive
18260,0,Standard
18261,1,Emerging
18262,3,Inactive
18263,3,Inactive
18264,1,Emerging
18265,1,Emerging
18266,1,Emerging
18267,1,Emerging
18268,3,Inactive
18269,1,Emerging
18270,3,Inactive
18271,1,Emerging
18272,3,Inactive
18273,3,Inactive
18274,1,Emerging
18275,1,Emerging
18276,3,Inactive
18277,3,Inactive
18278,3,Inactive
18279,1,Emerging
18280,1,Emerging
18281,3,Inactive
18282,1,Emerging
18283,0,Standard
18284,1,Emerging
18285,1,Emerging
18286,3,Inactive
18287,3,Inactive
